claim_evidence_id,claim_id,evidence_id,relation,executable_filter,expected_count,member_work_ids,source_locator,notes
CE-EFF-0001,CL-EFF-001,PAPER-EFF-dulacarnold2019challenges,context_or_metadata_support,none,not_applicable,dulacarnold2019challenges,Paper conceptual sections and modified control-suite testbed,Context or canonical paper-level support; no physical QE row is attributed to context works.
CE-EFF-0002,CL-EFF-001,PAPER-EFF-dulacarnold2021challenges,context_or_metadata_support,none,not_applicable,dulacarnold2021challenges,Article definitions and benchmark sections,Context or canonical paper-level support; no physical QE row is attributed to context works.
CE-EFF-0003,CL-EFF-001,QE-EFF-0335,supports,none,not_applicable,zhou2023realorl,PDF pp.1–2 abstract/introduction; p.5 dataset table; p.10 appendix summary; p.16 compute appendix,Direct typed evidence link.
CE-EFF-0004,CL-EFF-001,QE-EFF-0181,supports,none,not_applicable,kalashnikov2018qtopt,PDF p.1 abstract; p.2 Sec. 1; p.14 Sec. 5.3; p.21 appendix,Direct typed evidence link.
CE-EFF-0005,CL-EFF-002,QE-EFF-0416,supports,none,not_applicable,yang2020dataefficientlegged,PDF p.2 contribution summary; p.8 conclusion,Direct typed evidence link.
CE-EFF-0006,CL-EFF-002,QE-EFF-0422,supports,none,not_applicable,wurss2023locality,PDF p.1 abstract; p.2 Table I; p.3 system; pp.5–6 Secs. IV–V,Direct typed evidence link.
CE-EFF-0007,CL-EFF-002,QE-EFF-0398,supports,none,not_applicable,stachowicz2023fastrlap,"PDF pp.2–7,10; p.14 Table 4",Direct typed evidence link.
CE-EFF-0008,CL-EFF-002,QE-EFF-0391,supports,none,not_applicable,luo2024serl,"PDF p.8 Table 2; pp.4,8",Direct typed evidence link.
CE-EFF-0009,CL-EFF-002,QE-EFF-0404,supports,none,not_applicable,zhan2022ferm,PDF p.3 Sec. III; p.4 Sec. IV and Fig. 4,Direct typed evidence link.
CE-EFF-0010,CL-EFF-002,QE-EFF-0423,supports,none,not_applicable,lancaster2024modemv2,PDF pp.5–6 Sec. IV and time figure; pp.9–10 appendix,Direct typed evidence link.
CE-EFF-0011,CL-EFF-002,QE-EFF-0393,supports,none,not_applicable,liu2026autoserl,PDF p.10 Table 1; p.12 Table 2; limitation section,Direct typed evidence link.
CE-EFF-0012,CL-EFF-003,QE-EFF-0182,supports,none,not_applicable,kalashnikov2018qtopt,PDF p.1 abstract; p.2 Sec. 1; p.14 Sec. 5.3; p.21 appendix,Direct typed evidence link.
CE-EFF-0013,CL-EFF-003,QE-EFF-0193,supports,none,not_applicable,kalashnikov2022mtopt,"PDF p.1 abstract; pp.15–17 appendix, Table IV",Direct typed evidence link.
CE-EFF-0014,CL-EFF-003,QE-EFF-0248,supports,none,not_applicable,chebotar2023qtransformer,PDF p.2 Sec. 1; p.6 Sec. 4 and evaluation table; p.8 compute paragraph,Direct typed evidence link.
CE-EFF-0015,CL-EFF-003,QE-EFF-0072,supports,none,not_applicable,mendonca2025continuous,"PDF pp.4,7–8,16",Direct typed evidence link.
CE-EFF-0016,CL-EFF-004,QE-EFF-0183,supports,none,not_applicable,kalashnikov2018qtopt,PDF p.1 abstract; p.2 Sec. 1; p.14 Sec. 5.3; p.21 appendix,Direct typed evidence link.
CE-EFF-0017,CL-EFF-004,QE-EFF-0194,supports,none,not_applicable,kalashnikov2022mtopt,"PDF p.1 abstract; pp.15–17 appendix, Table IV",Direct typed evidence link.
CE-EFF-0018,CL-EFF-004,QE-EFF-0249,supports,none,not_applicable,chebotar2023qtransformer,PDF p.2 Sec. 1; p.6 Sec. 4 and evaluation table; p.8 compute paragraph,Direct typed evidence link.
CE-EFF-0019,CL-EFF-005,QE-EFF-0225,supports,none,not_applicable,singh2021cog,PDF p.8 Sec. 5.2 and real-robot table,Direct typed evidence link.
CE-EFF-0020,CL-EFF-005,QE-EFF-0236,supports,none,not_applicable,kumar2023ptr,PDF pp.7–9 Sec. 5; pp.14–16 appendix; p.21 appendix,Direct typed evidence link.
CE-EFF-0021,CL-EFF-005,QE-EFF-0247,supports,none,not_applicable,chebotar2023qtransformer,PDF p.2 Sec. 1; p.6 Sec. 4 and evaluation table; p.8 compute paragraph,Direct typed evidence link.
CE-EFF-0022,CL-EFF-005,QE-EFF-0335,supports,none,not_applicable,zhou2023realorl,PDF pp.1–2 abstract/introduction; p.5 dataset table; p.10 appendix summary; p.16 compute appendix,Direct typed evidence link.
CE-EFF-0023,CL-EFF-005,QE-EFF-0214,supports,none,not_applicable,nair2020awac,PDF p.8 Sec. 6.3; p.17 appendix robot-experiment details,Direct typed evidence link.
CE-EFF-0024,CL-EFF-005,QE-EFF-0038,supports,none,not_applicable,walke2023ariel,Main PDF pp.6–7; supplement p.14 Table 5,Direct typed evidence link.
CE-EFF-0025,CL-EFF-006,QE-EFF-0173,supports,none,not_applicable,wu2023daydreamer,PDF p.5 Sec. 4.1; pp.6–8 Secs. 4.2–4.4; p.13 appendix figure,Direct typed evidence link.
CE-EFF-0026,CL-EFF-006,QE-EFF-0360,supports,none,not_applicable,lancaster2024modemv2,PDF pp.5–6 Sec. IV and time figure; pp.9–10 appendix,Direct typed evidence link.
CE-EFF-0027,CL-EFF-006,QE-EFF-0107,supports,none,not_applicable,sharma2026worldgymnast,"PDF pp.4–7,15–16; appendix A.4 Table 5",Direct typed evidence link.
CE-EFF-0028,CL-EFF-006,QE-EFF-0129,supports,none,not_applicable,yin2026playworld,"PDF pp.2,4–7,10,23",Direct typed evidence link.
CE-EFF-0029,CL-EFF-007,QE-EFF-0031,supports,none,not_applicable,liu2026autoserl,PDF p.10 Table 1; p.12 Table 2; limitation section,Direct typed evidence link.
CE-EFF-0030,CL-EFF-007,QE-EFF-0152,supports,none,not_applicable,zhan2022ferm,PDF p.3 Sec. III; p.4 Sec. IV and Fig. 4,Direct typed evidence link.
CE-EFF-0031,CL-EFF-007,QE-EFF-0009,supports,none,not_applicable,luo2024serl,"PDF p.8 Table 2; pp.4,8",Direct typed evidence link.
CE-EFF-0032,CL-EFF-007,QE-EFF-0020,supports,none,not_applicable,luo2025hilserl,"PDF p.13 Table 1; pp.15,33–49",Direct typed evidence link.
CE-EFF-0033,CL-EFF-007,QE-EFF-0119,supports,none,not_applicable,zhao2025silri,"PDF pp.5,7,9–10,13 Table II",Direct typed evidence link.
CE-EFF-0034,CL-EFF-007,QE-EFF-0361,supports,none,not_applicable,lancaster2024modemv2,PDF pp.5–6 Sec. IV and time figure; pp.9–10 appendix,Direct typed evidence link.
CE-EFF-0035,CL-EFF-007,QE-EFF-0372,supports,none,not_applicable,sharma2023medalpp,PDF p.7 Figs. 5–6 and Table 6,Direct typed evidence link.
CE-EFF-0036,CL-EFF-008,QE-EFF-0020,supports,none,not_applicable,luo2025hilserl,"PDF p.13 Table 1; pp.15,33–49",Direct typed evidence link.
CE-EFF-0037,CL-EFF-008,QE-EFF-0119,supports,none,not_applicable,zhao2025silri,"PDF pp.5,7,9–10,13 Table II",Direct typed evidence link.
CE-EFF-0038,CL-EFF-009,QE-EFF-0045,supports,none,not_applicable,sun2022relmm,"PDF pp.1–2,5–6; Table 1",Direct typed evidence link.
CE-EFF-0039,CL-EFF-009,QE-EFF-0056,supports,none,not_applicable,hu2023reboot,PDF pp.7–8; appendix E/F p.20,Direct typed evidence link.
CE-EFF-0040,CL-EFF-009,QE-EFF-0265,supports,none,not_applicable,gupta2021resetfreemtl,"PDF p.1 abstract; pp.5–8 Secs. V-B and VI-C, Fig. 12",Direct typed evidence link.
CE-EFF-0041,CL-EFF-009,QE-EFF-0364,supports,none,not_applicable,sharma2023medalpp,PDF p.7 Figs. 5–6 and Table 6,Direct typed evidence link.
CE-EFF-0042,CL-EFF-009,QE-EFF-0067,supports,none,not_applicable,mendonca2025continuous,"PDF pp.4,7–8,16",Direct typed evidence link.
CE-EFF-0043,CL-EFF-009,QE-EFF-0023,supports,none,not_applicable,liu2026autoserl,PDF p.10 Table 1; p.12 Table 2; limitation section,Direct typed evidence link.
CE-EFF-0044,CL-EFF-010,QE-EFF-0418,supports,none,not_applicable,cully2015adaptanimals,PDF p.1 abstract; Methods pp.18 and 20,Direct typed evidence link.
CE-EFF-0045,CL-EFF-010,QE-EFF-0417,supports,none,not_applicable,nagabandi2019metarl,PDF p.9 Sec. 5.4,Direct typed evidence link.
CE-EFF-0046,CL-EFF-010,QE-EFF-0399,supports,none,not_applicable,hu2025robottrainsrobot,"PDF pp.2,6",Direct typed evidence link.
CE-EFF-0047,CL-EFF-019,QE-EFF-0049,supports,none,not_applicable,sun2022relmm,"PDF pp.1–2,5–6; Table 1",Direct typed evidence link.
CE-EFF-0048,CL-EFF-019,QE-EFF-0060,supports,none,not_applicable,hu2023reboot,PDF pp.7–8; appendix E/F p.20,Direct typed evidence link.
CE-EFF-0049,CL-EFF-019,QE-EFF-0269,supports,none,not_applicable,gupta2021resetfreemtl,"PDF p.1 abstract; pp.5–8 Secs. V-B and VI-C, Fig. 12",Direct typed evidence link.
CE-EFF-0050,CL-EFF-019,QE-EFF-0181,supports,none,not_applicable,kalashnikov2018qtopt,PDF p.1 abstract; p.2 Sec. 1; p.14 Sec. 5.3; p.21 appendix,Direct typed evidence link.
CE-EFF-0051,CL-EFF-019,QE-EFF-0192,supports,none,not_applicable,kalashnikov2022mtopt,"PDF p.1 abstract; pp.15–17 appendix, Table IV",Direct typed evidence link.
CE-EFF-0052,CL-EFF-019,QE-EFF-0071,supports,none,not_applicable,mendonca2025continuous,"PDF pp.4,7–8,16",Direct typed evidence link.
CE-EFF-0053,CL-EFF-020,QE-EFF-0320,supports,none,not_applicable,johannink2019residual,PDF pp.5–6 Sec. IV and physical result figures,Direct typed evidence link.
CE-EFF-0054,CL-EFF-020,QE-EFF-0067,supports,none,not_applicable,mendonca2025continuous,"PDF pp.4,7–8,16",Direct typed evidence link.
CE-EFF-0055,CL-EFF-020,QE-EFF-0089,supports,none,not_applicable,hu2025robottrainsrobot,"PDF pp.2,6",Direct typed evidence link.
CE-EFF-0056,CL-EFF-021,QE-EFF-0064,supports,none,not_applicable,hu2023reboot,PDF pp.7–8; appendix E/F p.20,Direct typed evidence link.
CE-EFF-0057,CL-EFF-021,QE-EFF-0240,supports,none,not_applicable,kumar2023ptr,PDF pp.7–9 Sec. 5; pp.14–16 appendix; p.21 appendix,Direct typed evidence link.
CE-EFF-0058,CL-EFF-021,QE-EFF-0031,supports,none,not_applicable,liu2026autoserl,PDF p.10 Table 1; p.12 Table 2; limitation section,Direct typed evidence link.
CE-EFF-0059,CL-EFF-022,QE-EFF-0157,supports,none,not_applicable,tebbe2021tabletennis,PDF p.5 Sec. IV; p.6 Sec. V,Direct typed evidence link.
CE-EFF-0060,CL-EFF-022,QE-EFF-0311,supports,none,not_applicable,chatzilygeroudis2017blackdrops,Correct PDF p.7 real-robot experiment; p.8 computational-cost discussion,Direct typed evidence link.
CE-EFF-0061,CL-EFF-023,PAPER-EFF-dulacarnold2019challenges,context_or_metadata_support,none,not_applicable,dulacarnold2019challenges,Paper conceptual sections and modified control-suite testbed,Context or canonical paper-level support; no physical QE row is attributed to context works.
CE-EFF-0062,CL-EFF-023,PAPER-EFF-dulacarnold2021challenges,context_or_metadata_support,none,not_applicable,dulacarnold2021challenges,Article definitions and benchmark sections,Context or canonical paper-level support; no physical QE row is attributed to context works.
CE-EFF-0063,CL-EFF-023,QE-EFF-0285,supports,none,not_applicable,yang2020dataefficientlegged,PDF p.2 contribution summary; p.8 conclusion,Direct typed evidence link.
CE-EFF-0064,CL-EFF-023,QE-EFF-0186,supports,none,not_applicable,kalashnikov2018qtopt,PDF p.1 abstract; p.2 Sec. 1; p.14 Sec. 5.3; p.21 appendix,Direct typed evidence link.
CE-EFF-0065,CL-EFF-023,QE-EFF-0307,supports,none,not_applicable,cully2015adaptanimals,PDF p.1 abstract; Methods pp.18 and 20,Direct typed evidence link.
CE-EFF-0066,CL-EFF-023,QE-EFF-0340,supports,none,not_applicable,zhou2023realorl,PDF pp.1–2 abstract/introduction; p.5 dataset table; p.10 appendix summary; p.16 compute appendix,Direct typed evidence link.
CE-EFF-0067,CL-EFF-024,QE-EFF-0305,supports,none,not_applicable,cully2015adaptanimals,PDF p.1 abstract; Methods pp.18 and 20,Direct typed evidence link.
CE-EFF-0068,CL-EFF-024,QE-EFF-0250,supports,none,not_applicable,chebotar2023qtransformer,PDF p.2 Sec. 1; p.6 Sec. 4 and evaluation table; p.8 compute paragraph,Direct typed evidence link.
CE-EFF-0069,CL-EFF-024,QE-EFF-0107,supports,none,not_applicable,sharma2026worldgymnast,"PDF pp.4–7,15–16; appendix A.4 Table 5",Direct typed evidence link.
CE-EFF-0070,CL-EFF-024,QE-EFF-0360,supports,none,not_applicable,lancaster2024modemv2,PDF pp.5–6 Sec. IV and time figure; pp.9–10 appendix,Direct typed evidence link.
CE-EFF-0071,CL-EFF-024,QE-EFF-0327,supports,none,not_applicable,johannink2019residual,PDF pp.5–6 Sec. IV and physical result figures,Direct typed evidence link.
CE-EFF-0072,CL-EFF-011,TR-EFF-001,audited_non_member,tier.assigned_tier=E4,0,luo2024serl,"PDF p.8 Table 2; pp.4,8",This adjudicated core row is not E4; full 34-work audit establishes the zero count.
CE-EFF-0073,CL-EFF-011,TR-EFF-002,audited_non_member,tier.assigned_tier=E4,0,luo2025hilserl,"PDF p.13 Table 1; pp.15,33–49",This adjudicated core row is not E4; full 34-work audit establishes the zero count.
CE-EFF-0074,CL-EFF-011,TR-EFF-003,audited_non_member,tier.assigned_tier=E4,0,liu2026autoserl,PDF p.10 Table 1; p.12 Table 2; limitation section,This adjudicated core row is not E4; full 34-work audit establishes the zero count.
CE-EFF-0075,CL-EFF-011,TR-EFF-004,audited_non_member,tier.assigned_tier=E4,0,walke2023ariel,Main PDF pp.6–7; supplement p.14 Table 5,This adjudicated core row is not E4; full 34-work audit establishes the zero count.
CE-EFF-0076,CL-EFF-011,TR-EFF-005,audited_non_member,tier.assigned_tier=E4,0,sun2022relmm,"PDF pp.1–2,5–6; Table 1",This adjudicated core row is not E4; full 34-work audit establishes the zero count.
CE-EFF-0077,CL-EFF-011,TR-EFF-006,audited_non_member,tier.assigned_tier=E4,0,hu2023reboot,PDF pp.7–8; appendix E/F p.20,This adjudicated core row is not E4; full 34-work audit establishes the zero count.
CE-EFF-0078,CL-EFF-011,TR-EFF-007,audited_non_member,tier.assigned_tier=E4,0,mendonca2025continuous,"PDF pp.4,7–8,16",This adjudicated core row is not E4; full 34-work audit establishes the zero count.
CE-EFF-0079,CL-EFF-011,TR-EFF-008,audited_non_member,tier.assigned_tier=E4,0,stachowicz2023fastrlap,"PDF pp.2–7,10; p.14 Table 4",This adjudicated core row is not E4; full 34-work audit establishes the zero count.
CE-EFF-0080,CL-EFF-011,TR-EFF-009,audited_non_member,tier.assigned_tier=E4,0,hu2025robottrainsrobot,"PDF pp.2,6",This adjudicated core row is not E4; full 34-work audit establishes the zero count.
CE-EFF-0081,CL-EFF-011,TR-EFF-010,audited_non_member,tier.assigned_tier=E4,0,sharma2026worldgymnast,"PDF pp.4–7,15–16; appendix A.4 Table 5",This adjudicated core row is not E4; full 34-work audit establishes the zero count.
CE-EFF-0082,CL-EFF-011,TR-EFF-011,audited_non_member,tier.assigned_tier=E4,0,zhao2025silri,"PDF pp.5,7,9–10,13 Table II",This adjudicated core row is not E4; full 34-work audit establishes the zero count.
CE-EFF-0083,CL-EFF-011,TR-EFF-012,audited_non_member,tier.assigned_tier=E4,0,yin2026playworld,"PDF pp.2,4–7,10,23",This adjudicated core row is not E4; full 34-work audit establishes the zero count.
CE-EFF-0084,CL-EFF-011,TR-EFF-015,audited_non_member,tier.assigned_tier=E4,0,haarnoja2019walk,PDF p.1 abstract; p.7 Sec. V-A; p.8 Sec. VI,This adjudicated core row is not E4; full 34-work audit establishes the zero count.
CE-EFF-0085,CL-EFF-011,TR-EFF-016,audited_non_member,tier.assigned_tier=E4,0,zhan2022ferm,PDF p.3 Sec. III; p.4 Sec. IV and Fig. 4,This adjudicated core row is not E4; full 34-work audit establishes the zero count.
CE-EFF-0086,CL-EFF-011,TR-EFF-017,audited_non_member,tier.assigned_tier=E4,0,tebbe2021tabletennis,PDF p.5 Sec. IV; p.6 Sec. V,This adjudicated core row is not E4; full 34-work audit establishes the zero count.
CE-EFF-0087,CL-EFF-011,TR-EFF-018,audited_non_member,tier.assigned_tier=E4,0,wu2023daydreamer,PDF p.5 Sec. 4.1; pp.6–8 Secs. 4.2–4.4; p.13 appendix figure,This adjudicated core row is not E4; full 34-work audit establishes the zero count.
CE-EFF-0088,CL-EFF-011,TR-EFF-019,audited_non_member,tier.assigned_tier=E4,0,kalashnikov2018qtopt,PDF p.1 abstract; p.2 Sec. 1; p.14 Sec. 5.3; p.21 appendix,This adjudicated core row is not E4; full 34-work audit establishes the zero count.
CE-EFF-0089,CL-EFF-011,TR-EFF-020,audited_non_member,tier.assigned_tier=E4,0,kalashnikov2022mtopt,"PDF p.1 abstract; pp.15–17 appendix, Table IV",This adjudicated core row is not E4; full 34-work audit establishes the zero count.
CE-EFF-0090,CL-EFF-011,TR-EFF-021,audited_non_member,tier.assigned_tier=E4,0,riedmiller2018sacx,PDF p.8 Sec. 5.4 and physical-robot figure,This adjudicated core row is not E4; full 34-work audit establishes the zero count.
CE-EFF-0091,CL-EFF-011,TR-EFF-022,audited_non_member,tier.assigned_tier=E4,0,nair2020awac,PDF p.8 Sec. 6.3; p.17 appendix robot-experiment details,This adjudicated core row is not E4; full 34-work audit establishes the zero count.
CE-EFF-0092,CL-EFF-011,TR-EFF-023,audited_non_member,tier.assigned_tier=E4,0,singh2021cog,PDF p.8 Sec. 5.2 and real-robot table,This adjudicated core row is not E4; full 34-work audit establishes the zero count.
CE-EFF-0093,CL-EFF-011,TR-EFF-024,audited_non_member,tier.assigned_tier=E4,0,kumar2023ptr,PDF pp.7–9 Sec. 5; pp.14–16 appendix; p.21 appendix,This adjudicated core row is not E4; full 34-work audit establishes the zero count.
CE-EFF-0094,CL-EFF-011,TR-EFF-025,audited_non_member,tier.assigned_tier=E4,0,chebotar2023qtransformer,PDF p.2 Sec. 1; p.6 Sec. 4 and evaluation table; p.8 compute paragraph,This adjudicated core row is not E4; full 34-work audit establishes the zero count.
CE-EFF-0095,CL-EFF-011,TR-EFF-026,audited_non_member,tier.assigned_tier=E4,0,nair2018rig,PDF pp.8–9 Sec. 5.3,This adjudicated core row is not E4; full 34-work audit establishes the zero count.
CE-EFF-0096,CL-EFF-011,TR-EFF-027,audited_non_member,tier.assigned_tier=E4,0,gupta2021resetfreemtl,"PDF p.1 abstract; pp.5–8 Secs. V-B and VI-C, Fig. 12",This adjudicated core row is not E4; full 34-work audit establishes the zero count.
CE-EFF-0097,CL-EFF-011,TR-EFF-028,audited_non_member,tier.assigned_tier=E4,0,yang2020dataefficientlegged,PDF p.2 contribution summary; p.8 conclusion,This adjudicated core row is not E4; full 34-work audit establishes the zero count.
CE-EFF-0098,CL-EFF-011,TR-EFF-029,audited_non_member,tier.assigned_tier=E4,0,nagabandi2019metarl,PDF p.9 Sec. 5.4,This adjudicated core row is not E4; full 34-work audit establishes the zero count.
CE-EFF-0099,CL-EFF-011,TR-EFF-030,audited_non_member,tier.assigned_tier=E4,0,cully2015adaptanimals,PDF p.1 abstract; Methods pp.18 and 20,This adjudicated core row is not E4; full 34-work audit establishes the zero count.
CE-EFF-0100,CL-EFF-011,TR-EFF-031,audited_non_member,tier.assigned_tier=E4,0,chatzilygeroudis2017blackdrops,Correct PDF p.7 real-robot experiment; p.8 computational-cost discussion,This adjudicated core row is not E4; full 34-work audit establishes the zero count.
CE-EFF-0101,CL-EFF-011,TR-EFF-032,audited_non_member,tier.assigned_tier=E4,0,johannink2019residual,PDF pp.5–6 Sec. IV and physical result figures,This adjudicated core row is not E4; full 34-work audit establishes the zero count.
CE-EFF-0102,CL-EFF-011,TR-EFF-033,audited_non_member,tier.assigned_tier=E4,0,zhou2023realorl,PDF pp.1–2 abstract/introduction; p.5 dataset table; p.10 appendix summary; p.16 compute appendix,This adjudicated core row is not E4; full 34-work audit establishes the zero count.
CE-EFF-0103,CL-EFF-011,TR-EFF-034,audited_non_member,tier.assigned_tier=E4,0,wurss2023locality,PDF p.1 abstract; p.2 Table I; p.3 system; pp.5–6 Secs. IV–V,This adjudicated core row is not E4; full 34-work audit establishes the zero count.
CE-EFF-0104,CL-EFF-011,TR-EFF-035,audited_non_member,tier.assigned_tier=E4,0,lancaster2024modemv2,PDF pp.5–6 Sec. IV and time figure; pp.9–10 appendix,This adjudicated core row is not E4; full 34-work audit establishes the zero count.
CE-EFF-0105,CL-EFF-011,TR-EFF-036,audited_non_member,tier.assigned_tier=E4,0,sharma2023medalpp,PDF p.7 Figs. 5–6 and Table 6,This adjudicated core row is not E4; full 34-work audit establishes the zero count.
CE-EFF-0106,CL-EFF-012,QE-EFF-0043,missingness_member,quant.metric_name=evaluation_trial_count AND quant.reporting_status=not_reported,15,walke2023ariel,Main PDF pp.6–7; supplement p.14 Table 5,Full executable-filter membership; NR is not zero.
CE-EFF-0107,CL-EFF-012,QE-EFF-0065,missingness_member,quant.metric_name=evaluation_trial_count AND quant.reporting_status=not_reported,15,hu2023reboot,PDF pp.7–8; appendix E/F p.20,Full executable-filter membership; NR is not zero.
CE-EFF-0108,CL-EFF-012,QE-EFF-0076,missingness_member,quant.metric_name=evaluation_trial_count AND quant.reporting_status=not_reported,15,mendonca2025continuous,"PDF pp.4,7–8,16",Full executable-filter membership; NR is not zero.
CE-EFF-0109,CL-EFF-012,QE-EFF-0087,missingness_member,quant.metric_name=evaluation_trial_count AND quant.reporting_status=not_reported,15,stachowicz2023fastrlap,"PDF pp.2–7,10; p.14 Table 4",Full executable-filter membership; NR is not zero.
CE-EFF-0110,CL-EFF-012,QE-EFF-0098,missingness_member,quant.metric_name=evaluation_trial_count AND quant.reporting_status=not_reported,15,hu2025robottrainsrobot,"PDF pp.2,6",Full executable-filter membership; NR is not zero.
CE-EFF-0111,CL-EFF-012,QE-EFF-0153,missingness_member,quant.metric_name=evaluation_trial_count AND quant.reporting_status=not_reported,15,zhan2022ferm,PDF p.3 Sec. III; p.4 Sec. IV and Fig. 4,Full executable-filter membership; NR is not zero.
CE-EFF-0112,CL-EFF-012,QE-EFF-0175,missingness_member,quant.metric_name=evaluation_trial_count AND quant.reporting_status=not_reported,15,wu2023daydreamer,PDF p.5 Sec. 4.1; pp.6–8 Secs. 4.2–4.4; p.13 appendix figure,Full executable-filter membership; NR is not zero.
CE-EFF-0113,CL-EFF-012,QE-EFF-0186,missingness_member,quant.metric_name=evaluation_trial_count AND quant.reporting_status=not_reported,15,kalashnikov2018qtopt,PDF p.1 abstract; p.2 Sec. 1; p.14 Sec. 5.3; p.21 appendix,Full executable-filter membership; NR is not zero.
CE-EFF-0114,CL-EFF-012,QE-EFF-0219,missingness_member,quant.metric_name=evaluation_trial_count AND quant.reporting_status=not_reported,15,nair2020awac,PDF p.8 Sec. 6.3; p.17 appendix robot-experiment details,Full executable-filter membership; NR is not zero.
CE-EFF-0115,CL-EFF-012,QE-EFF-0252,missingness_member,quant.metric_name=evaluation_trial_count AND quant.reporting_status=not_reported,15,chebotar2023qtransformer,PDF p.2 Sec. 1; p.6 Sec. 4 and evaluation table; p.8 compute paragraph,Full executable-filter membership; NR is not zero.
CE-EFF-0116,CL-EFF-012,QE-EFF-0274,missingness_member,quant.metric_name=evaluation_trial_count AND quant.reporting_status=not_reported,15,gupta2021resetfreemtl,"PDF p.1 abstract; pp.5–8 Secs. V-B and VI-C, Fig. 12",Full executable-filter membership; NR is not zero.
CE-EFF-0117,CL-EFF-012,QE-EFF-0285,missingness_member,quant.metric_name=evaluation_trial_count AND quant.reporting_status=not_reported,15,yang2020dataefficientlegged,PDF p.2 contribution summary; p.8 conclusion,Full executable-filter membership; NR is not zero.
CE-EFF-0118,CL-EFF-012,QE-EFF-0318,missingness_member,quant.metric_name=evaluation_trial_count AND quant.reporting_status=not_reported,15,chatzilygeroudis2017blackdrops,Correct PDF p.7 real-robot experiment; p.8 computational-cost discussion,Full executable-filter membership; NR is not zero.
CE-EFF-0119,CL-EFF-012,QE-EFF-0351,missingness_member,quant.metric_name=evaluation_trial_count AND quant.reporting_status=not_reported,15,wurss2023locality,PDF p.1 abstract; p.2 Table I; p.3 system; pp.5–6 Secs. IV–V,Full executable-filter membership; NR is not zero.
CE-EFF-0120,CL-EFF-012,QE-EFF-0373,missingness_member,quant.metric_name=evaluation_trial_count AND quant.reporting_status=not_reported,15,sharma2023medalpp,PDF p.7 Figs. 5–6 and Table 6,Full executable-filter membership; NR is not zero.
CE-EFF-0121,CL-EFF-013,QE-EFF-0002,missingness_member,quant.metric_name=physical_steps_or_transitions AND quant.reporting_status=not_reported,22,luo2024serl,"PDF p.8 Table 2; pp.4,8",Full executable-filter membership; NR is not zero.
CE-EFF-0122,CL-EFF-013,QE-EFF-0024,missingness_member,quant.metric_name=physical_steps_or_transitions AND quant.reporting_status=not_reported,22,liu2026autoserl,PDF p.10 Table 1; p.12 Table 2; limitation section,Full executable-filter membership; NR is not zero.
CE-EFF-0123,CL-EFF-013,QE-EFF-0046,missingness_member,quant.metric_name=physical_steps_or_transitions AND quant.reporting_status=not_reported,22,sun2022relmm,"PDF pp.1–2,5–6; Table 1",Full executable-filter membership; NR is not zero.
CE-EFF-0124,CL-EFF-013,QE-EFF-0057,missingness_member,quant.metric_name=physical_steps_or_transitions AND quant.reporting_status=not_reported,22,hu2023reboot,PDF pp.7–8; appendix E/F p.20,Full executable-filter membership; NR is not zero.
CE-EFF-0125,CL-EFF-013,QE-EFF-0068,missingness_member,quant.metric_name=physical_steps_or_transitions AND quant.reporting_status=not_reported,22,mendonca2025continuous,"PDF pp.4,7–8,16",Full executable-filter membership; NR is not zero.
CE-EFF-0126,CL-EFF-013,QE-EFF-0079,missingness_member,quant.metric_name=physical_steps_or_transitions AND quant.reporting_status=not_reported,22,stachowicz2023fastrlap,"PDF pp.2–7,10; p.14 Table 4",Full executable-filter membership; NR is not zero.
CE-EFF-0127,CL-EFF-013,QE-EFF-0101,missingness_member,quant.metric_name=physical_steps_or_transitions AND quant.reporting_status=not_reported,22,sharma2026worldgymnast,"PDF pp.4–7,15–16; appendix A.4 Table 5",Full executable-filter membership; NR is not zero.
CE-EFF-0128,CL-EFF-013,QE-EFF-0112,missingness_member,quant.metric_name=physical_steps_or_transitions AND quant.reporting_status=not_reported,22,zhao2025silri,"PDF pp.5,7,9–10,13 Table II",Full executable-filter membership; NR is not zero.
CE-EFF-0129,CL-EFF-013,QE-EFF-0123,missingness_member,quant.metric_name=physical_steps_or_transitions AND quant.reporting_status=not_reported,22,yin2026playworld,"PDF pp.2,4–7,10,23",Full executable-filter membership; NR is not zero.
CE-EFF-0130,CL-EFF-013,QE-EFF-0145,missingness_member,quant.metric_name=physical_steps_or_transitions AND quant.reporting_status=not_reported,22,zhan2022ferm,PDF p.3 Sec. III; p.4 Sec. IV and Fig. 4,Full executable-filter membership; NR is not zero.
CE-EFF-0131,CL-EFF-013,QE-EFF-0156,missingness_member,quant.metric_name=physical_steps_or_transitions AND quant.reporting_status=not_reported,22,tebbe2021tabletennis,PDF p.5 Sec. IV; p.6 Sec. V,Full executable-filter membership; NR is not zero.
CE-EFF-0132,CL-EFF-013,QE-EFF-0167,missingness_member,quant.metric_name=physical_steps_or_transitions AND quant.reporting_status=not_reported,22,wu2023daydreamer,PDF p.5 Sec. 4.1; pp.6–8 Secs. 4.2–4.4; p.13 appendix figure,Full executable-filter membership; NR is not zero.
CE-EFF-0133,CL-EFF-013,QE-EFF-0178,missingness_member,quant.metric_name=physical_steps_or_transitions AND quant.reporting_status=not_reported,22,kalashnikov2018qtopt,PDF p.1 abstract; p.2 Sec. 1; p.14 Sec. 5.3; p.21 appendix,Full executable-filter membership; NR is not zero.
CE-EFF-0134,CL-EFF-013,QE-EFF-0189,missingness_member,quant.metric_name=physical_steps_or_transitions AND quant.reporting_status=not_reported,22,kalashnikov2022mtopt,"PDF p.1 abstract; pp.15–17 appendix, Table IV",Full executable-filter membership; NR is not zero.
CE-EFF-0135,CL-EFF-013,QE-EFF-0200,missingness_member,quant.metric_name=physical_steps_or_transitions AND quant.reporting_status=not_reported,22,riedmiller2018sacx,PDF p.8 Sec. 5.4 and physical-robot figure,Full executable-filter membership; NR is not zero.
CE-EFF-0136,CL-EFF-013,QE-EFF-0244,missingness_member,quant.metric_name=physical_steps_or_transitions AND quant.reporting_status=not_reported,22,chebotar2023qtransformer,PDF p.2 Sec. 1; p.6 Sec. 4 and evaluation table; p.8 compute paragraph,Full executable-filter membership; NR is not zero.
CE-EFF-0137,CL-EFF-013,QE-EFF-0266,missingness_member,quant.metric_name=physical_steps_or_transitions AND quant.reporting_status=not_reported,22,gupta2021resetfreemtl,"PDF p.1 abstract; pp.5–8 Secs. V-B and VI-C, Fig. 12",Full executable-filter membership; NR is not zero.
CE-EFF-0138,CL-EFF-013,QE-EFF-0288,missingness_member,quant.metric_name=physical_steps_or_transitions AND quant.reporting_status=not_reported,22,nagabandi2019metarl,PDF p.9 Sec. 5.4,Full executable-filter membership; NR is not zero.
CE-EFF-0139,CL-EFF-013,QE-EFF-0299,missingness_member,quant.metric_name=physical_steps_or_transitions AND quant.reporting_status=not_reported,22,cully2015adaptanimals,PDF p.1 abstract; Methods pp.18 and 20,Full executable-filter membership; NR is not zero.
CE-EFF-0140,CL-EFF-013,QE-EFF-0310,missingness_member,quant.metric_name=physical_steps_or_transitions AND quant.reporting_status=not_reported,22,chatzilygeroudis2017blackdrops,Correct PDF p.7 real-robot experiment; p.8 computational-cost discussion,Full executable-filter membership; NR is not zero.
CE-EFF-0141,CL-EFF-013,QE-EFF-0332,missingness_member,quant.metric_name=physical_steps_or_transitions AND quant.reporting_status=not_reported,22,zhou2023realorl,PDF pp.1–2 abstract/introduction; p.5 dataset table; p.10 appendix summary; p.16 compute appendix,Full executable-filter membership; NR is not zero.
CE-EFF-0142,CL-EFF-013,QE-EFF-0354,missingness_member,quant.metric_name=physical_steps_or_transitions AND quant.reporting_status=not_reported,22,lancaster2024modemv2,PDF pp.5–6 Sec. IV and time figure; pp.9–10 appendix,Full executable-filter membership; NR is not zero.
CE-EFF-0143,CL-EFF-013,QE-EFF-0003,missingness_member,quant.metric_name=physical_episodes_or_rollouts AND quant.reporting_status=not_reported,19,luo2024serl,"PDF p.8 Table 2; pp.4,8",Full executable-filter membership; NR is not zero.
CE-EFF-0144,CL-EFF-013,QE-EFF-0014,missingness_member,quant.metric_name=physical_episodes_or_rollouts AND quant.reporting_status=not_reported,19,luo2025hilserl,"PDF p.13 Table 1; pp.15,33–49",Full executable-filter membership; NR is not zero.
CE-EFF-0145,CL-EFF-013,QE-EFF-0025,missingness_member,quant.metric_name=physical_episodes_or_rollouts AND quant.reporting_status=not_reported,19,liu2026autoserl,PDF p.10 Table 1; p.12 Table 2; limitation section,Full executable-filter membership; NR is not zero.
CE-EFF-0146,CL-EFF-013,QE-EFF-0047,missingness_member,quant.metric_name=physical_episodes_or_rollouts AND quant.reporting_status=not_reported,19,sun2022relmm,"PDF pp.1–2,5–6; Table 1",Full executable-filter membership; NR is not zero.
CE-EFF-0147,CL-EFF-013,QE-EFF-0058,missingness_member,quant.metric_name=physical_episodes_or_rollouts AND quant.reporting_status=not_reported,19,hu2023reboot,PDF pp.7–8; appendix E/F p.20,Full executable-filter membership; NR is not zero.
CE-EFF-0148,CL-EFF-013,QE-EFF-0069,missingness_member,quant.metric_name=physical_episodes_or_rollouts AND quant.reporting_status=not_reported,19,mendonca2025continuous,"PDF pp.4,7–8,16",Full executable-filter membership; NR is not zero.
CE-EFF-0149,CL-EFF-013,QE-EFF-0080,missingness_member,quant.metric_name=physical_episodes_or_rollouts AND quant.reporting_status=not_reported,19,stachowicz2023fastrlap,"PDF pp.2–7,10; p.14 Table 4",Full executable-filter membership; NR is not zero.
CE-EFF-0150,CL-EFF-013,QE-EFF-0091,missingness_member,quant.metric_name=physical_episodes_or_rollouts AND quant.reporting_status=not_reported,19,hu2025robottrainsrobot,"PDF pp.2,6",Full executable-filter membership; NR is not zero.
CE-EFF-0151,CL-EFF-013,QE-EFF-0113,missingness_member,quant.metric_name=physical_episodes_or_rollouts AND quant.reporting_status=not_reported,19,zhao2025silri,"PDF pp.5,7,9–10,13 Table II",Full executable-filter membership; NR is not zero.
CE-EFF-0152,CL-EFF-013,QE-EFF-0168,missingness_member,quant.metric_name=physical_episodes_or_rollouts AND quant.reporting_status=not_reported,19,wu2023daydreamer,PDF p.5 Sec. 4.1; pp.6–8 Secs. 4.2–4.4; p.13 appendix figure,Full executable-filter membership; NR is not zero.
CE-EFF-0153,CL-EFF-013,QE-EFF-0212,missingness_member,quant.metric_name=physical_episodes_or_rollouts AND quant.reporting_status=not_reported,19,nair2020awac,PDF p.8 Sec. 6.3; p.17 appendix robot-experiment details,Full executable-filter membership; NR is not zero.
CE-EFF-0154,CL-EFF-013,QE-EFF-0234,missingness_member,quant.metric_name=physical_episodes_or_rollouts AND quant.reporting_status=not_reported,19,kumar2023ptr,PDF pp.7–9 Sec. 5; pp.14–16 appendix; p.21 appendix,Full executable-filter membership; NR is not zero.
CE-EFF-0155,CL-EFF-013,QE-EFF-0256,missingness_member,quant.metric_name=physical_episodes_or_rollouts AND quant.reporting_status=not_reported,19,nair2018rig,PDF pp.8–9 Sec. 5.3,Full executable-filter membership; NR is not zero.
CE-EFF-0156,CL-EFF-013,QE-EFF-0267,missingness_member,quant.metric_name=physical_episodes_or_rollouts AND quant.reporting_status=not_reported,19,gupta2021resetfreemtl,"PDF p.1 abstract; pp.5–8 Secs. V-B and VI-C, Fig. 12",Full executable-filter membership; NR is not zero.
CE-EFF-0157,CL-EFF-013,QE-EFF-0289,missingness_member,quant.metric_name=physical_episodes_or_rollouts AND quant.reporting_status=not_reported,19,nagabandi2019metarl,PDF p.9 Sec. 5.4,Full executable-filter membership; NR is not zero.
CE-EFF-0158,CL-EFF-013,QE-EFF-0322,missingness_member,quant.metric_name=physical_episodes_or_rollouts AND quant.reporting_status=not_reported,19,johannink2019residual,PDF pp.5–6 Sec. IV and physical result figures,Full executable-filter membership; NR is not zero.
CE-EFF-0159,CL-EFF-013,QE-EFF-0344,missingness_member,quant.metric_name=physical_episodes_or_rollouts AND quant.reporting_status=not_reported,19,wurss2023locality,PDF p.1 abstract; p.2 Table I; p.3 system; pp.5–6 Secs. IV–V,Full executable-filter membership; NR is not zero.
CE-EFF-0160,CL-EFF-013,QE-EFF-0355,missingness_member,quant.metric_name=physical_episodes_or_rollouts AND quant.reporting_status=not_reported,19,lancaster2024modemv2,PDF pp.5–6 Sec. IV and time figure; pp.9–10 appendix,Full executable-filter membership; NR is not zero.
CE-EFF-0161,CL-EFF-013,QE-EFF-0366,missingness_member,quant.metric_name=physical_episodes_or_rollouts AND quant.reporting_status=not_reported,19,sharma2023medalpp,PDF p.7 Figs. 5–6 and Table 6,Full executable-filter membership; NR is not zero.
CE-EFF-0162,CL-EFF-014,QE-EFF-0005,missingness_member,quant.metric_name=active_or_aggregate_robot_hours AND quant.reporting_status=not_reported,16,luo2024serl,"PDF p.8 Table 2; pp.4,8",Full executable-filter membership; NR is not zero.
CE-EFF-0163,CL-EFF-014,QE-EFF-0016,missingness_member,quant.metric_name=active_or_aggregate_robot_hours AND quant.reporting_status=not_reported,16,luo2025hilserl,"PDF p.13 Table 1; pp.15,33–49",Full executable-filter membership; NR is not zero.
CE-EFF-0164,CL-EFF-014,QE-EFF-0027,missingness_member,quant.metric_name=active_or_aggregate_robot_hours AND quant.reporting_status=not_reported,16,liu2026autoserl,PDF p.10 Table 1; p.12 Table 2; limitation section,Full executable-filter membership; NR is not zero.
CE-EFF-0165,CL-EFF-014,QE-EFF-0060,missingness_member,quant.metric_name=active_or_aggregate_robot_hours AND quant.reporting_status=not_reported,16,hu2023reboot,PDF pp.7–8; appendix E/F p.20,Full executable-filter membership; NR is not zero.
CE-EFF-0166,CL-EFF-014,QE-EFF-0082,missingness_member,quant.metric_name=active_or_aggregate_robot_hours AND quant.reporting_status=not_reported,16,stachowicz2023fastrlap,"PDF pp.2–7,10; p.14 Table 4",Full executable-filter membership; NR is not zero.
CE-EFF-0167,CL-EFF-014,QE-EFF-0093,missingness_member,quant.metric_name=active_or_aggregate_robot_hours AND quant.reporting_status=not_reported,16,hu2025robottrainsrobot,"PDF pp.2,6",Full executable-filter membership; NR is not zero.
CE-EFF-0168,CL-EFF-014,QE-EFF-0104,missingness_member,quant.metric_name=active_or_aggregate_robot_hours AND quant.reporting_status=not_reported,16,sharma2026worldgymnast,"PDF pp.4–7,15–16; appendix A.4 Table 5",Full executable-filter membership; NR is not zero.
CE-EFF-0169,CL-EFF-014,QE-EFF-0115,missingness_member,quant.metric_name=active_or_aggregate_robot_hours AND quant.reporting_status=not_reported,16,zhao2025silri,"PDF pp.5,7,9–10,13 Table II",Full executable-filter membership; NR is not zero.
CE-EFF-0170,CL-EFF-014,QE-EFF-0148,missingness_member,quant.metric_name=active_or_aggregate_robot_hours AND quant.reporting_status=not_reported,16,zhan2022ferm,PDF p.3 Sec. III; p.4 Sec. IV and Fig. 4,Full executable-filter membership; NR is not zero.
CE-EFF-0171,CL-EFF-014,QE-EFF-0159,missingness_member,quant.metric_name=active_or_aggregate_robot_hours AND quant.reporting_status=not_reported,16,tebbe2021tabletennis,PDF p.5 Sec. IV; p.6 Sec. V,Full executable-filter membership; NR is not zero.
CE-EFF-0172,CL-EFF-014,QE-EFF-0192,missingness_member,quant.metric_name=active_or_aggregate_robot_hours AND quant.reporting_status=not_reported,16,kalashnikov2022mtopt,"PDF p.1 abstract; pp.15–17 appendix, Table IV",Full executable-filter membership; NR is not zero.
CE-EFF-0173,CL-EFF-014,QE-EFF-0214,missingness_member,quant.metric_name=active_or_aggregate_robot_hours AND quant.reporting_status=not_reported,16,nair2020awac,PDF p.8 Sec. 6.3; p.17 appendix robot-experiment details,Full executable-filter membership; NR is not zero.
CE-EFF-0174,CL-EFF-014,QE-EFF-0236,missingness_member,quant.metric_name=active_or_aggregate_robot_hours AND quant.reporting_status=not_reported,16,kumar2023ptr,PDF pp.7–9 Sec. 5; pp.14–16 appendix; p.21 appendix,Full executable-filter membership; NR is not zero.
CE-EFF-0175,CL-EFF-014,QE-EFF-0247,missingness_member,quant.metric_name=active_or_aggregate_robot_hours AND quant.reporting_status=not_reported,16,chebotar2023qtransformer,PDF p.2 Sec. 1; p.6 Sec. 4 and evaluation table; p.8 compute paragraph,Full executable-filter membership; NR is not zero.
CE-EFF-0176,CL-EFF-014,QE-EFF-0302,missingness_member,quant.metric_name=active_or_aggregate_robot_hours AND quant.reporting_status=not_reported,16,cully2015adaptanimals,PDF p.1 abstract; Methods pp.18 and 20,Full executable-filter membership; NR is not zero.
CE-EFF-0177,CL-EFF-014,QE-EFF-0313,missingness_member,quant.metric_name=active_or_aggregate_robot_hours AND quant.reporting_status=not_reported,16,chatzilygeroudis2017blackdrops,Correct PDF p.7 real-robot experiment; p.8 computational-cost discussion,Full executable-filter membership; NR is not zero.
CE-EFF-0178,CL-EFF-014,QE-EFF-0160,missingness_member,quant.metric_name=elapsed_wall_clock AND quant.reporting_status=not_reported,8,tebbe2021tabletennis,PDF p.5 Sec. IV; p.6 Sec. V,Full executable-filter membership; NR is not zero.
CE-EFF-0179,CL-EFF-014,QE-EFF-0182,missingness_member,quant.metric_name=elapsed_wall_clock AND quant.reporting_status=not_reported,8,kalashnikov2018qtopt,PDF p.1 abstract; p.2 Sec. 1; p.14 Sec. 5.3; p.21 appendix,Full executable-filter membership; NR is not zero.
CE-EFF-0180,CL-EFF-014,QE-EFF-0215,missingness_member,quant.metric_name=elapsed_wall_clock AND quant.reporting_status=not_reported,8,nair2020awac,PDF p.8 Sec. 6.3; p.17 appendix robot-experiment details,Full executable-filter membership; NR is not zero.
CE-EFF-0181,CL-EFF-014,QE-EFF-0226,missingness_member,quant.metric_name=elapsed_wall_clock AND quant.reporting_status=not_reported,8,singh2021cog,PDF p.8 Sec. 5.2 and real-robot table,Full executable-filter membership; NR is not zero.
CE-EFF-0182,CL-EFF-014,QE-EFF-0237,missingness_member,quant.metric_name=elapsed_wall_clock AND quant.reporting_status=not_reported,8,kumar2023ptr,PDF pp.7–9 Sec. 5; pp.14–16 appendix; p.21 appendix,Full executable-filter membership; NR is not zero.
CE-EFF-0183,CL-EFF-014,QE-EFF-0248,missingness_member,quant.metric_name=elapsed_wall_clock AND quant.reporting_status=not_reported,8,chebotar2023qtransformer,PDF p.2 Sec. 1; p.6 Sec. 4 and evaluation table; p.8 compute paragraph,Full executable-filter membership; NR is not zero.
CE-EFF-0184,CL-EFF-014,QE-EFF-0314,missingness_member,quant.metric_name=elapsed_wall_clock AND quant.reporting_status=not_reported,8,chatzilygeroudis2017blackdrops,Correct PDF p.7 real-robot experiment; p.8 computational-cost discussion,Full executable-filter membership; NR is not zero.
CE-EFF-0185,CL-EFF-014,QE-EFF-0336,missingness_member,quant.metric_name=elapsed_wall_clock AND quant.reporting_status=not_reported,8,zhou2023realorl,PDF pp.1–2 abstract/introduction; p.5 dataset table; p.10 appendix summary; p.16 compute appendix,Full executable-filter membership; NR is not zero.
CE-EFF-0186,CL-EFF-015,QE-EFF-0019,missingness_member,quant.metric_name=reported_compute_resource_or_duration AND quant.reporting_status=not_reported,21,luo2025hilserl,"PDF p.13 Table 1; pp.15,33–49",Full executable-filter membership; NR is not zero.
CE-EFF-0187,CL-EFF-015,QE-EFF-0030,missingness_member,quant.metric_name=reported_compute_resource_or_duration AND quant.reporting_status=not_reported,21,liu2026autoserl,PDF p.10 Table 1; p.12 Table 2; limitation section,Full executable-filter membership; NR is not zero.
CE-EFF-0188,CL-EFF-015,QE-EFF-0041,missingness_member,quant.metric_name=reported_compute_resource_or_duration AND quant.reporting_status=not_reported,21,walke2023ariel,Main PDF pp.6–7; supplement p.14 Table 5,Full executable-filter membership; NR is not zero.
CE-EFF-0189,CL-EFF-015,QE-EFF-0052,missingness_member,quant.metric_name=reported_compute_resource_or_duration AND quant.reporting_status=not_reported,21,sun2022relmm,"PDF pp.1–2,5–6; Table 1",Full executable-filter membership; NR is not zero.
CE-EFF-0190,CL-EFF-015,QE-EFF-0063,missingness_member,quant.metric_name=reported_compute_resource_or_duration AND quant.reporting_status=not_reported,21,hu2023reboot,PDF pp.7–8; appendix E/F p.20,Full executable-filter membership; NR is not zero.
CE-EFF-0191,CL-EFF-015,QE-EFF-0085,missingness_member,quant.metric_name=reported_compute_resource_or_duration AND quant.reporting_status=not_reported,21,stachowicz2023fastrlap,"PDF pp.2–7,10; p.14 Table 4",Full executable-filter membership; NR is not zero.
CE-EFF-0192,CL-EFF-015,QE-EFF-0118,missingness_member,quant.metric_name=reported_compute_resource_or_duration AND quant.reporting_status=not_reported,21,zhao2025silri,"PDF pp.5,7,9–10,13 Table II",Full executable-filter membership; NR is not zero.
CE-EFF-0193,CL-EFF-015,QE-EFF-0140,missingness_member,quant.metric_name=reported_compute_resource_or_duration AND quant.reporting_status=not_reported,21,haarnoja2019walk,PDF p.1 abstract; p.7 Sec. V-A; p.8 Sec. VI,Full executable-filter membership; NR is not zero.
CE-EFF-0194,CL-EFF-015,QE-EFF-0151,missingness_member,quant.metric_name=reported_compute_resource_or_duration AND quant.reporting_status=not_reported,21,zhan2022ferm,PDF p.3 Sec. III; p.4 Sec. IV and Fig. 4,Full executable-filter membership; NR is not zero.
CE-EFF-0195,CL-EFF-015,QE-EFF-0162,missingness_member,quant.metric_name=reported_compute_resource_or_duration AND quant.reporting_status=not_reported,21,tebbe2021tabletennis,PDF p.5 Sec. IV; p.6 Sec. V,Full executable-filter membership; NR is not zero.
CE-EFF-0196,CL-EFF-015,QE-EFF-0206,missingness_member,quant.metric_name=reported_compute_resource_or_duration AND quant.reporting_status=not_reported,21,riedmiller2018sacx,PDF p.8 Sec. 5.4 and physical-robot figure,Full executable-filter membership; NR is not zero.
CE-EFF-0197,CL-EFF-015,QE-EFF-0217,missingness_member,quant.metric_name=reported_compute_resource_or_duration AND quant.reporting_status=not_reported,21,nair2020awac,PDF p.8 Sec. 6.3; p.17 appendix robot-experiment details,Full executable-filter membership; NR is not zero.
CE-EFF-0198,CL-EFF-015,QE-EFF-0228,missingness_member,quant.metric_name=reported_compute_resource_or_duration AND quant.reporting_status=not_reported,21,singh2021cog,PDF p.8 Sec. 5.2 and real-robot table,Full executable-filter membership; NR is not zero.
CE-EFF-0199,CL-EFF-015,QE-EFF-0239,missingness_member,quant.metric_name=reported_compute_resource_or_duration AND quant.reporting_status=not_reported,21,kumar2023ptr,PDF pp.7–9 Sec. 5; pp.14–16 appendix; p.21 appendix,Full executable-filter membership; NR is not zero.
CE-EFF-0200,CL-EFF-015,QE-EFF-0261,missingness_member,quant.metric_name=reported_compute_resource_or_duration AND quant.reporting_status=not_reported,21,nair2018rig,PDF pp.8–9 Sec. 5.3,Full executable-filter membership; NR is not zero.
CE-EFF-0201,CL-EFF-015,QE-EFF-0272,missingness_member,quant.metric_name=reported_compute_resource_or_duration AND quant.reporting_status=not_reported,21,gupta2021resetfreemtl,"PDF p.1 abstract; pp.5–8 Secs. V-B and VI-C, Fig. 12",Full executable-filter membership; NR is not zero.
CE-EFF-0202,CL-EFF-015,QE-EFF-0283,missingness_member,quant.metric_name=reported_compute_resource_or_duration AND quant.reporting_status=not_reported,21,yang2020dataefficientlegged,PDF p.2 contribution summary; p.8 conclusion,Full executable-filter membership; NR is not zero.
CE-EFF-0203,CL-EFF-015,QE-EFF-0294,missingness_member,quant.metric_name=reported_compute_resource_or_duration AND quant.reporting_status=not_reported,21,nagabandi2019metarl,PDF p.9 Sec. 5.4,Full executable-filter membership; NR is not zero.
CE-EFF-0204,CL-EFF-015,QE-EFF-0327,missingness_member,quant.metric_name=reported_compute_resource_or_duration AND quant.reporting_status=not_reported,21,johannink2019residual,PDF pp.5–6 Sec. IV and physical result figures,Full executable-filter membership; NR is not zero.
CE-EFF-0205,CL-EFF-015,QE-EFF-0360,missingness_member,quant.metric_name=reported_compute_resource_or_duration AND quant.reporting_status=not_reported,21,lancaster2024modemv2,PDF pp.5–6 Sec. IV and time figure; pp.9–10 appendix,Full executable-filter membership; NR is not zero.
CE-EFF-0206,CL-EFF-015,QE-EFF-0371,missingness_member,quant.metric_name=reported_compute_resource_or_duration AND quant.reporting_status=not_reported,21,sharma2023medalpp,PDF p.7 Figs. 5–6 and Table 6,Full executable-filter membership; NR is not zero.
CE-EFF-0207,CL-EFF-016,QE-EFF-0004,missingness_member,quant.metric_name=control_frequency AND quant.reporting_status=not_reported,30,luo2024serl,"PDF p.8 Table 2; pp.4,8",Full executable-filter membership; NR is not zero.
CE-EFF-0208,CL-EFF-016,QE-EFF-0015,missingness_member,quant.metric_name=control_frequency AND quant.reporting_status=not_reported,30,luo2025hilserl,"PDF p.13 Table 1; pp.15,33–49",Full executable-filter membership; NR is not zero.
CE-EFF-0209,CL-EFF-016,QE-EFF-0026,missingness_member,quant.metric_name=control_frequency AND quant.reporting_status=not_reported,30,liu2026autoserl,PDF p.10 Table 1; p.12 Table 2; limitation section,Full executable-filter membership; NR is not zero.
CE-EFF-0210,CL-EFF-016,QE-EFF-0037,missingness_member,quant.metric_name=control_frequency AND quant.reporting_status=not_reported,30,walke2023ariel,Main PDF pp.6–7; supplement p.14 Table 5,Full executable-filter membership; NR is not zero.
CE-EFF-0211,CL-EFF-016,QE-EFF-0048,missingness_member,quant.metric_name=control_frequency AND quant.reporting_status=not_reported,30,sun2022relmm,"PDF pp.1–2,5–6; Table 1",Full executable-filter membership; NR is not zero.
CE-EFF-0212,CL-EFF-016,QE-EFF-0059,missingness_member,quant.metric_name=control_frequency AND quant.reporting_status=not_reported,30,hu2023reboot,PDF pp.7–8; appendix E/F p.20,Full executable-filter membership; NR is not zero.
CE-EFF-0213,CL-EFF-016,QE-EFF-0070,missingness_member,quant.metric_name=control_frequency AND quant.reporting_status=not_reported,30,mendonca2025continuous,"PDF pp.4,7–8,16",Full executable-filter membership; NR is not zero.
CE-EFF-0214,CL-EFF-016,QE-EFF-0081,missingness_member,quant.metric_name=control_frequency AND quant.reporting_status=not_reported,30,stachowicz2023fastrlap,"PDF pp.2–7,10; p.14 Table 4",Full executable-filter membership; NR is not zero.
CE-EFF-0215,CL-EFF-016,QE-EFF-0092,missingness_member,quant.metric_name=control_frequency AND quant.reporting_status=not_reported,30,hu2025robottrainsrobot,"PDF pp.2,6",Full executable-filter membership; NR is not zero.
CE-EFF-0216,CL-EFF-016,QE-EFF-0103,missingness_member,quant.metric_name=control_frequency AND quant.reporting_status=not_reported,30,sharma2026worldgymnast,"PDF pp.4–7,15–16; appendix A.4 Table 5",Full executable-filter membership; NR is not zero.
CE-EFF-0217,CL-EFF-016,QE-EFF-0114,missingness_member,quant.metric_name=control_frequency AND quant.reporting_status=not_reported,30,zhao2025silri,"PDF pp.5,7,9–10,13 Table II",Full executable-filter membership; NR is not zero.
CE-EFF-0218,CL-EFF-016,QE-EFF-0125,missingness_member,quant.metric_name=control_frequency AND quant.reporting_status=not_reported,30,yin2026playworld,"PDF pp.2,4–7,10,23",Full executable-filter membership; NR is not zero.
CE-EFF-0219,CL-EFF-016,QE-EFF-0147,missingness_member,quant.metric_name=control_frequency AND quant.reporting_status=not_reported,30,zhan2022ferm,PDF p.3 Sec. III; p.4 Sec. IV and Fig. 4,Full executable-filter membership; NR is not zero.
CE-EFF-0220,CL-EFF-016,QE-EFF-0158,missingness_member,quant.metric_name=control_frequency AND quant.reporting_status=not_reported,30,tebbe2021tabletennis,PDF p.5 Sec. IV; p.6 Sec. V,Full executable-filter membership; NR is not zero.
CE-EFF-0221,CL-EFF-016,QE-EFF-0169,missingness_member,quant.metric_name=control_frequency AND quant.reporting_status=not_reported,30,wu2023daydreamer,PDF p.5 Sec. 4.1; pp.6–8 Secs. 4.2–4.4; p.13 appendix figure,Full executable-filter membership; NR is not zero.
CE-EFF-0222,CL-EFF-016,QE-EFF-0180,missingness_member,quant.metric_name=control_frequency AND quant.reporting_status=not_reported,30,kalashnikov2018qtopt,PDF p.1 abstract; p.2 Sec. 1; p.14 Sec. 5.3; p.21 appendix,Full executable-filter membership; NR is not zero.
CE-EFF-0223,CL-EFF-016,QE-EFF-0191,missingness_member,quant.metric_name=control_frequency AND quant.reporting_status=not_reported,30,kalashnikov2022mtopt,"PDF p.1 abstract; pp.15–17 appendix, Table IV",Full executable-filter membership; NR is not zero.
CE-EFF-0224,CL-EFF-016,QE-EFF-0202,missingness_member,quant.metric_name=control_frequency AND quant.reporting_status=not_reported,30,riedmiller2018sacx,PDF p.8 Sec. 5.4 and physical-robot figure,Full executable-filter membership; NR is not zero.
CE-EFF-0225,CL-EFF-016,QE-EFF-0213,missingness_member,quant.metric_name=control_frequency AND quant.reporting_status=not_reported,30,nair2020awac,PDF p.8 Sec. 6.3; p.17 appendix robot-experiment details,Full executable-filter membership; NR is not zero.
CE-EFF-0226,CL-EFF-016,QE-EFF-0224,missingness_member,quant.metric_name=control_frequency AND quant.reporting_status=not_reported,30,singh2021cog,PDF p.8 Sec. 5.2 and real-robot table,Full executable-filter membership; NR is not zero.
CE-EFF-0227,CL-EFF-016,QE-EFF-0235,missingness_member,quant.metric_name=control_frequency AND quant.reporting_status=not_reported,30,kumar2023ptr,PDF pp.7–9 Sec. 5; pp.14–16 appendix; p.21 appendix,Full executable-filter membership; NR is not zero.
CE-EFF-0228,CL-EFF-016,QE-EFF-0246,missingness_member,quant.metric_name=control_frequency AND quant.reporting_status=not_reported,30,chebotar2023qtransformer,PDF p.2 Sec. 1; p.6 Sec. 4 and evaluation table; p.8 compute paragraph,Full executable-filter membership; NR is not zero.
CE-EFF-0229,CL-EFF-016,QE-EFF-0257,missingness_member,quant.metric_name=control_frequency AND quant.reporting_status=not_reported,30,nair2018rig,PDF pp.8–9 Sec. 5.3,Full executable-filter membership; NR is not zero.
CE-EFF-0230,CL-EFF-016,QE-EFF-0268,missingness_member,quant.metric_name=control_frequency AND quant.reporting_status=not_reported,30,gupta2021resetfreemtl,"PDF p.1 abstract; pp.5–8 Secs. V-B and VI-C, Fig. 12",Full executable-filter membership; NR is not zero.
CE-EFF-0231,CL-EFF-016,QE-EFF-0279,missingness_member,quant.metric_name=control_frequency AND quant.reporting_status=not_reported,30,yang2020dataefficientlegged,PDF p.2 contribution summary; p.8 conclusion,Full executable-filter membership; NR is not zero.
CE-EFF-0232,CL-EFF-016,QE-EFF-0301,missingness_member,quant.metric_name=control_frequency AND quant.reporting_status=not_reported,30,cully2015adaptanimals,PDF p.1 abstract; Methods pp.18 and 20,Full executable-filter membership; NR is not zero.
CE-EFF-0233,CL-EFF-016,QE-EFF-0312,missingness_member,quant.metric_name=control_frequency AND quant.reporting_status=not_reported,30,chatzilygeroudis2017blackdrops,Correct PDF p.7 real-robot experiment; p.8 computational-cost discussion,Full executable-filter membership; NR is not zero.
CE-EFF-0234,CL-EFF-016,QE-EFF-0323,missingness_member,quant.metric_name=control_frequency AND quant.reporting_status=not_reported,30,johannink2019residual,PDF pp.5–6 Sec. IV and physical result figures,Full executable-filter membership; NR is not zero.
CE-EFF-0235,CL-EFF-016,QE-EFF-0334,missingness_member,quant.metric_name=control_frequency AND quant.reporting_status=not_reported,30,zhou2023realorl,PDF pp.1–2 abstract/introduction; p.5 dataset table; p.10 appendix summary; p.16 compute appendix,Full executable-filter membership; NR is not zero.
CE-EFF-0236,CL-EFF-016,QE-EFF-0367,missingness_member,quant.metric_name=control_frequency AND quant.reporting_status=not_reported,30,sharma2023medalpp,PDF p.7 Figs. 5–6 and Table 6,Full executable-filter membership; NR is not zero.
CE-EFF-0237,CL-EFF-025,QE-EFF-0155,missingness_member,quant.metric_name=reported_phase_duration AND quant.reporting_status=not_reported,7,tebbe2021tabletennis,PDF p.5 Sec. IV; p.6 Sec. V,Full executable-filter membership; NR is not zero.
CE-EFF-0238,CL-EFF-025,QE-EFF-0210,missingness_member,quant.metric_name=reported_phase_duration AND quant.reporting_status=not_reported,7,nair2020awac,PDF p.8 Sec. 6.3; p.17 appendix robot-experiment details,Full executable-filter membership; NR is not zero.
CE-EFF-0239,CL-EFF-025,QE-EFF-0221,missingness_member,quant.metric_name=reported_phase_duration AND quant.reporting_status=not_reported,7,singh2021cog,PDF p.8 Sec. 5.2 and real-robot table,Full executable-filter membership; NR is not zero.
CE-EFF-0240,CL-EFF-025,QE-EFF-0232,missingness_member,quant.metric_name=reported_phase_duration AND quant.reporting_status=not_reported,7,kumar2023ptr,PDF pp.7–9 Sec. 5; pp.14–16 appendix; p.21 appendix,Full executable-filter membership; NR is not zero.
CE-EFF-0241,CL-EFF-025,QE-EFF-0243,missingness_member,quant.metric_name=reported_phase_duration AND quant.reporting_status=not_reported,7,chebotar2023qtransformer,PDF p.2 Sec. 1; p.6 Sec. 4 and evaluation table; p.8 compute paragraph,Full executable-filter membership; NR is not zero.
CE-EFF-0242,CL-EFF-025,QE-EFF-0309,missingness_member,quant.metric_name=reported_phase_duration AND quant.reporting_status=not_reported,7,chatzilygeroudis2017blackdrops,Correct PDF p.7 real-robot experiment; p.8 computational-cost discussion,Full executable-filter membership; NR is not zero.
CE-EFF-0243,CL-EFF-025,QE-EFF-0331,missingness_member,quant.metric_name=reported_phase_duration AND quant.reporting_status=not_reported,7,zhou2023realorl,PDF pp.1–2 abstract/introduction; p.5 dataset table; p.10 appendix summary; p.16 compute appendix,Full executable-filter membership; NR is not zero.
CE-EFF-0244,CL-EFF-025,QE-EFF-0392,missingness_member,quant.metric_name=time_to_declared_target AND quant.reporting_status=not_reported,20,luo2025hilserl,"PDF p.13 Table 1; pp.15,33–49",Full executable-filter membership; NR is not zero.
CE-EFF-0245,CL-EFF-025,QE-EFF-0394,missingness_member,quant.metric_name=time_to_declared_target AND quant.reporting_status=not_reported,20,walke2023ariel,Main PDF pp.6–7; supplement p.14 Table 5,Full executable-filter membership; NR is not zero.
CE-EFF-0246,CL-EFF-025,QE-EFF-0395,missingness_member,quant.metric_name=time_to_declared_target AND quant.reporting_status=not_reported,20,sun2022relmm,"PDF pp.1–2,5–6; Table 1",Full executable-filter membership; NR is not zero.
CE-EFF-0247,CL-EFF-025,QE-EFF-0397,missingness_member,quant.metric_name=time_to_declared_target AND quant.reporting_status=not_reported,20,mendonca2025continuous,"PDF pp.4,7–8,16",Full executable-filter membership; NR is not zero.
CE-EFF-0248,CL-EFF-025,QE-EFF-0400,missingness_member,quant.metric_name=time_to_declared_target AND quant.reporting_status=not_reported,20,sharma2026worldgymnast,"PDF pp.4–7,15–16; appendix A.4 Table 5",Full executable-filter membership; NR is not zero.
CE-EFF-0249,CL-EFF-025,QE-EFF-0401,missingness_member,quant.metric_name=time_to_declared_target AND quant.reporting_status=not_reported,20,zhao2025silri,"PDF pp.5,7,9–10,13 Table II",Full executable-filter membership; NR is not zero.
CE-EFF-0250,CL-EFF-025,QE-EFF-0402,missingness_member,quant.metric_name=time_to_declared_target AND quant.reporting_status=not_reported,20,yin2026playworld,"PDF pp.2,4–7,10,23",Full executable-filter membership; NR is not zero.
CE-EFF-0251,CL-EFF-025,QE-EFF-0405,missingness_member,quant.metric_name=time_to_declared_target AND quant.reporting_status=not_reported,20,tebbe2021tabletennis,PDF p.5 Sec. IV; p.6 Sec. V,Full executable-filter membership; NR is not zero.
CE-EFF-0252,CL-EFF-025,QE-EFF-0408,missingness_member,quant.metric_name=time_to_declared_target AND quant.reporting_status=not_reported,20,kalashnikov2022mtopt,"PDF p.1 abstract; pp.15–17 appendix, Table IV",Full executable-filter membership; NR is not zero.
CE-EFF-0253,CL-EFF-025,QE-EFF-0410,missingness_member,quant.metric_name=time_to_declared_target AND quant.reporting_status=not_reported,20,nair2020awac,PDF p.8 Sec. 6.3; p.17 appendix robot-experiment details,Full executable-filter membership; NR is not zero.
CE-EFF-0254,CL-EFF-025,QE-EFF-0411,missingness_member,quant.metric_name=time_to_declared_target AND quant.reporting_status=not_reported,20,singh2021cog,PDF p.8 Sec. 5.2 and real-robot table,Full executable-filter membership; NR is not zero.
CE-EFF-0255,CL-EFF-025,QE-EFF-0412,missingness_member,quant.metric_name=time_to_declared_target AND quant.reporting_status=not_reported,20,kumar2023ptr,PDF pp.7–9 Sec. 5; pp.14–16 appendix; p.21 appendix,Full executable-filter membership; NR is not zero.
CE-EFF-0256,CL-EFF-025,QE-EFF-0413,missingness_member,quant.metric_name=time_to_declared_target AND quant.reporting_status=not_reported,20,chebotar2023qtransformer,PDF p.2 Sec. 1; p.6 Sec. 4 and evaluation table; p.8 compute paragraph,Full executable-filter membership; NR is not zero.
CE-EFF-0257,CL-EFF-025,QE-EFF-0414,missingness_member,quant.metric_name=time_to_declared_target AND quant.reporting_status=not_reported,20,nair2018rig,PDF pp.8–9 Sec. 5.3,Full executable-filter membership; NR is not zero.
CE-EFF-0258,CL-EFF-025,QE-EFF-0415,missingness_member,quant.metric_name=time_to_declared_target AND quant.reporting_status=not_reported,20,gupta2021resetfreemtl,"PDF p.1 abstract; pp.5–8 Secs. V-B and VI-C, Fig. 12",Full executable-filter membership; NR is not zero.
CE-EFF-0259,CL-EFF-025,QE-EFF-0417,missingness_member,quant.metric_name=time_to_declared_target AND quant.reporting_status=not_reported,20,nagabandi2019metarl,PDF p.9 Sec. 5.4,Full executable-filter membership; NR is not zero.
CE-EFF-0260,CL-EFF-025,QE-EFF-0419,missingness_member,quant.metric_name=time_to_declared_target AND quant.reporting_status=not_reported,20,chatzilygeroudis2017blackdrops,Correct PDF p.7 real-robot experiment; p.8 computational-cost discussion,Full executable-filter membership; NR is not zero.
CE-EFF-0261,CL-EFF-025,QE-EFF-0420,missingness_member,quant.metric_name=time_to_declared_target AND quant.reporting_status=not_reported,20,johannink2019residual,PDF pp.5–6 Sec. IV and physical result figures,Full executable-filter membership; NR is not zero.
CE-EFF-0262,CL-EFF-025,QE-EFF-0421,missingness_member,quant.metric_name=time_to_declared_target AND quant.reporting_status=not_reported,20,zhou2023realorl,PDF pp.1–2 abstract/introduction; p.5 dataset table; p.10 appendix summary; p.16 compute appendix,Full executable-filter membership; NR is not zero.
CE-EFF-0263,CL-EFF-025,QE-EFF-0424,missingness_member,quant.metric_name=time_to_declared_target AND quant.reporting_status=not_reported,20,sharma2023medalpp,PDF p.7 Figs. 5–6 and Table 6,Full executable-filter membership; NR is not zero.
CE-EFF-0264,CL-EFF-017,LC-EFF-0001,missingness_member,lifecycle.reporting_status=not_reported,230,luo2024serl,"PDF p.8 Table 2; pp.4,8",Missing lifecycle channel: active_human_time.
CE-EFF-0265,CL-EFF-017,LC-EFF-0002,missingness_member,lifecycle.reporting_status=not_reported,230,luo2024serl,"PDF p.8 Table 2; pp.4,8",Missing lifecycle channel: standby_monitoring_time.
CE-EFF-0266,CL-EFF-017,LC-EFF-0003,missingness_member,lifecycle.reporting_status=not_reported,230,luo2024serl,"PDF p.8 Table 2; pp.4,8",Missing lifecycle channel: reset_recovery_cost.
CE-EFF-0267,CL-EFF-017,LC-EFF-0004,missingness_member,lifecycle.reporting_status=not_reported,230,luo2024serl,"PDF p.8 Table 2; pp.4,8",Missing lifecycle channel: engineering_setup_time.
CE-EFF-0268,CL-EFF-017,LC-EFF-0005,missingness_member,lifecycle.reporting_status=not_reported,230,luo2024serl,"PDF p.8 Table 2; pp.4,8",Missing lifecycle channel: safety_exposure.
CE-EFF-0269,CL-EFF-017,LC-EFF-0006,missingness_member,lifecycle.reporting_status=not_reported,230,luo2024serl,"PDF p.8 Table 2; pp.4,8",Missing lifecycle channel: wear_maintenance_downtime.
CE-EFF-0270,CL-EFF-017,LC-EFF-0007,missingness_member,lifecycle.reporting_status=not_reported,230,luo2024serl,"PDF p.8 Table 2; pp.4,8",Missing lifecycle channel: failed_development_runs.
CE-EFF-0271,CL-EFF-017,LC-EFF-0009,missingness_member,lifecycle.reporting_status=not_reported,230,luo2025hilserl,"PDF p.13 Table 1; pp.15,33–49",Missing lifecycle channel: active_human_time.
CE-EFF-0272,CL-EFF-017,LC-EFF-0011,missingness_member,lifecycle.reporting_status=not_reported,230,luo2025hilserl,"PDF p.13 Table 1; pp.15,33–49",Missing lifecycle channel: reset_recovery_cost.
CE-EFF-0273,CL-EFF-017,LC-EFF-0012,missingness_member,lifecycle.reporting_status=not_reported,230,luo2025hilserl,"PDF p.13 Table 1; pp.15,33–49",Missing lifecycle channel: engineering_setup_time.
CE-EFF-0274,CL-EFF-017,LC-EFF-0013,missingness_member,lifecycle.reporting_status=not_reported,230,luo2025hilserl,"PDF p.13 Table 1; pp.15,33–49",Missing lifecycle channel: safety_exposure.
CE-EFF-0275,CL-EFF-017,LC-EFF-0014,missingness_member,lifecycle.reporting_status=not_reported,230,luo2025hilserl,"PDF p.13 Table 1; pp.15,33–49",Missing lifecycle channel: wear_maintenance_downtime.
CE-EFF-0276,CL-EFF-017,LC-EFF-0015,missingness_member,lifecycle.reporting_status=not_reported,230,luo2025hilserl,"PDF p.13 Table 1; pp.15,33–49",Missing lifecycle channel: failed_development_runs.
CE-EFF-0277,CL-EFF-017,LC-EFF-0017,missingness_member,lifecycle.reporting_status=not_reported,230,liu2026autoserl,PDF p.10 Table 1; p.12 Table 2; limitation section,Missing lifecycle channel: active_human_time.
CE-EFF-0278,CL-EFF-017,LC-EFF-0018,missingness_member,lifecycle.reporting_status=not_reported,230,liu2026autoserl,PDF p.10 Table 1; p.12 Table 2; limitation section,Missing lifecycle channel: standby_monitoring_time.
CE-EFF-0279,CL-EFF-017,LC-EFF-0019,missingness_member,lifecycle.reporting_status=not_reported,230,liu2026autoserl,PDF p.10 Table 1; p.12 Table 2; limitation section,Missing lifecycle channel: reset_recovery_cost.
CE-EFF-0280,CL-EFF-017,LC-EFF-0020,missingness_member,lifecycle.reporting_status=not_reported,230,liu2026autoserl,PDF p.10 Table 1; p.12 Table 2; limitation section,Missing lifecycle channel: engineering_setup_time.
CE-EFF-0281,CL-EFF-017,LC-EFF-0021,missingness_member,lifecycle.reporting_status=not_reported,230,liu2026autoserl,PDF p.10 Table 1; p.12 Table 2; limitation section,Missing lifecycle channel: safety_exposure.
CE-EFF-0282,CL-EFF-017,LC-EFF-0022,missingness_member,lifecycle.reporting_status=not_reported,230,liu2026autoserl,PDF p.10 Table 1; p.12 Table 2; limitation section,Missing lifecycle channel: wear_maintenance_downtime.
CE-EFF-0283,CL-EFF-017,LC-EFF-0023,missingness_member,lifecycle.reporting_status=not_reported,230,liu2026autoserl,PDF p.10 Table 1; p.12 Table 2; limitation section,Missing lifecycle channel: failed_development_runs.
CE-EFF-0284,CL-EFF-017,LC-EFF-0025,missingness_member,lifecycle.reporting_status=not_reported,230,walke2023ariel,Main PDF pp.6–7; supplement p.14 Table 5,Missing lifecycle channel: active_human_time.
CE-EFF-0285,CL-EFF-017,LC-EFF-0026,missingness_member,lifecycle.reporting_status=not_reported,230,walke2023ariel,Main PDF pp.6–7; supplement p.14 Table 5,Missing lifecycle channel: standby_monitoring_time.
CE-EFF-0286,CL-EFF-017,LC-EFF-0028,missingness_member,lifecycle.reporting_status=not_reported,230,walke2023ariel,Main PDF pp.6–7; supplement p.14 Table 5,Missing lifecycle channel: engineering_setup_time.
CE-EFF-0287,CL-EFF-017,LC-EFF-0029,missingness_member,lifecycle.reporting_status=not_reported,230,walke2023ariel,Main PDF pp.6–7; supplement p.14 Table 5,Missing lifecycle channel: safety_exposure.
CE-EFF-0288,CL-EFF-017,LC-EFF-0030,missingness_member,lifecycle.reporting_status=not_reported,230,walke2023ariel,Main PDF pp.6–7; supplement p.14 Table 5,Missing lifecycle channel: wear_maintenance_downtime.
CE-EFF-0289,CL-EFF-017,LC-EFF-0031,missingness_member,lifecycle.reporting_status=not_reported,230,walke2023ariel,Main PDF pp.6–7; supplement p.14 Table 5,Missing lifecycle channel: failed_development_runs.
CE-EFF-0290,CL-EFF-017,LC-EFF-0033,missingness_member,lifecycle.reporting_status=not_reported,230,sun2022relmm,"PDF pp.1–2,5–6; Table 1",Missing lifecycle channel: active_human_time.
CE-EFF-0291,CL-EFF-017,LC-EFF-0034,missingness_member,lifecycle.reporting_status=not_reported,230,sun2022relmm,"PDF pp.1–2,5–6; Table 1",Missing lifecycle channel: standby_monitoring_time.
CE-EFF-0292,CL-EFF-017,LC-EFF-0035,missingness_member,lifecycle.reporting_status=not_reported,230,sun2022relmm,"PDF pp.1–2,5–6; Table 1",Missing lifecycle channel: reset_recovery_cost.
CE-EFF-0293,CL-EFF-017,LC-EFF-0036,missingness_member,lifecycle.reporting_status=not_reported,230,sun2022relmm,"PDF pp.1–2,5–6; Table 1",Missing lifecycle channel: engineering_setup_time.
CE-EFF-0294,CL-EFF-017,LC-EFF-0037,missingness_member,lifecycle.reporting_status=not_reported,230,sun2022relmm,"PDF pp.1–2,5–6; Table 1",Missing lifecycle channel: safety_exposure.
CE-EFF-0295,CL-EFF-017,LC-EFF-0039,missingness_member,lifecycle.reporting_status=not_reported,230,sun2022relmm,"PDF pp.1–2,5–6; Table 1",Missing lifecycle channel: failed_development_runs.
CE-EFF-0296,CL-EFF-017,LC-EFF-0042,missingness_member,lifecycle.reporting_status=not_reported,230,hu2023reboot,PDF pp.7–8; appendix E/F p.20,Missing lifecycle channel: standby_monitoring_time.
CE-EFF-0297,CL-EFF-017,LC-EFF-0044,missingness_member,lifecycle.reporting_status=not_reported,230,hu2023reboot,PDF pp.7–8; appendix E/F p.20,Missing lifecycle channel: engineering_setup_time.
CE-EFF-0298,CL-EFF-017,LC-EFF-0045,missingness_member,lifecycle.reporting_status=not_reported,230,hu2023reboot,PDF pp.7–8; appendix E/F p.20,Missing lifecycle channel: safety_exposure.
CE-EFF-0299,CL-EFF-017,LC-EFF-0046,missingness_member,lifecycle.reporting_status=not_reported,230,hu2023reboot,PDF pp.7–8; appendix E/F p.20,Missing lifecycle channel: wear_maintenance_downtime.
CE-EFF-0300,CL-EFF-017,LC-EFF-0047,missingness_member,lifecycle.reporting_status=not_reported,230,hu2023reboot,PDF pp.7–8; appendix E/F p.20,Missing lifecycle channel: failed_development_runs.
CE-EFF-0301,CL-EFF-017,LC-EFF-0049,missingness_member,lifecycle.reporting_status=not_reported,230,mendonca2025continuous,"PDF pp.4,7–8,16",Missing lifecycle channel: active_human_time.
CE-EFF-0302,CL-EFF-017,LC-EFF-0050,missingness_member,lifecycle.reporting_status=not_reported,230,mendonca2025continuous,"PDF pp.4,7–8,16",Missing lifecycle channel: standby_monitoring_time.
CE-EFF-0303,CL-EFF-017,LC-EFF-0051,missingness_member,lifecycle.reporting_status=not_reported,230,mendonca2025continuous,"PDF pp.4,7–8,16",Missing lifecycle channel: reset_recovery_cost.
CE-EFF-0304,CL-EFF-017,LC-EFF-0053,missingness_member,lifecycle.reporting_status=not_reported,230,mendonca2025continuous,"PDF pp.4,7–8,16",Missing lifecycle channel: safety_exposure.
CE-EFF-0305,CL-EFF-017,LC-EFF-0054,missingness_member,lifecycle.reporting_status=not_reported,230,mendonca2025continuous,"PDF pp.4,7–8,16",Missing lifecycle channel: wear_maintenance_downtime.
CE-EFF-0306,CL-EFF-017,LC-EFF-0055,missingness_member,lifecycle.reporting_status=not_reported,230,mendonca2025continuous,"PDF pp.4,7–8,16",Missing lifecycle channel: failed_development_runs.
CE-EFF-0307,CL-EFF-017,LC-EFF-0057,missingness_member,lifecycle.reporting_status=not_reported,230,stachowicz2023fastrlap,"PDF pp.2–7,10; p.14 Table 4",Missing lifecycle channel: active_human_time.
CE-EFF-0308,CL-EFF-017,LC-EFF-0058,missingness_member,lifecycle.reporting_status=not_reported,230,stachowicz2023fastrlap,"PDF pp.2–7,10; p.14 Table 4",Missing lifecycle channel: standby_monitoring_time.
CE-EFF-0309,CL-EFF-017,LC-EFF-0059,missingness_member,lifecycle.reporting_status=not_reported,230,stachowicz2023fastrlap,"PDF pp.2–7,10; p.14 Table 4",Missing lifecycle channel: reset_recovery_cost.
CE-EFF-0310,CL-EFF-017,LC-EFF-0060,missingness_member,lifecycle.reporting_status=not_reported,230,stachowicz2023fastrlap,"PDF pp.2–7,10; p.14 Table 4",Missing lifecycle channel: engineering_setup_time.
CE-EFF-0311,CL-EFF-017,LC-EFF-0062,missingness_member,lifecycle.reporting_status=not_reported,230,stachowicz2023fastrlap,"PDF pp.2–7,10; p.14 Table 4",Missing lifecycle channel: wear_maintenance_downtime.
CE-EFF-0312,CL-EFF-017,LC-EFF-0063,missingness_member,lifecycle.reporting_status=not_reported,230,stachowicz2023fastrlap,"PDF pp.2–7,10; p.14 Table 4",Missing lifecycle channel: failed_development_runs.
CE-EFF-0313,CL-EFF-017,LC-EFF-0065,missingness_member,lifecycle.reporting_status=not_reported,230,hu2025robottrainsrobot,"PDF pp.2,6",Missing lifecycle channel: active_human_time.
CE-EFF-0314,CL-EFF-017,LC-EFF-0066,missingness_member,lifecycle.reporting_status=not_reported,230,hu2025robottrainsrobot,"PDF pp.2,6",Missing lifecycle channel: standby_monitoring_time.
CE-EFF-0315,CL-EFF-017,LC-EFF-0067,missingness_member,lifecycle.reporting_status=not_reported,230,hu2025robottrainsrobot,"PDF pp.2,6",Missing lifecycle channel: reset_recovery_cost.
CE-EFF-0316,CL-EFF-017,LC-EFF-0069,missingness_member,lifecycle.reporting_status=not_reported,230,hu2025robottrainsrobot,"PDF pp.2,6",Missing lifecycle channel: safety_exposure.
CE-EFF-0317,CL-EFF-017,LC-EFF-0070,missingness_member,lifecycle.reporting_status=not_reported,230,hu2025robottrainsrobot,"PDF pp.2,6",Missing lifecycle channel: wear_maintenance_downtime.
CE-EFF-0318,CL-EFF-017,LC-EFF-0071,missingness_member,lifecycle.reporting_status=not_reported,230,hu2025robottrainsrobot,"PDF pp.2,6",Missing lifecycle channel: failed_development_runs.
CE-EFF-0319,CL-EFF-017,LC-EFF-0073,missingness_member,lifecycle.reporting_status=not_reported,230,sharma2026worldgymnast,"PDF pp.4–7,15–16; appendix A.4 Table 5",Missing lifecycle channel: active_human_time.
CE-EFF-0320,CL-EFF-017,LC-EFF-0074,missingness_member,lifecycle.reporting_status=not_reported,230,sharma2026worldgymnast,"PDF pp.4–7,15–16; appendix A.4 Table 5",Missing lifecycle channel: standby_monitoring_time.
CE-EFF-0321,CL-EFF-017,LC-EFF-0075,missingness_member,lifecycle.reporting_status=not_reported,230,sharma2026worldgymnast,"PDF pp.4–7,15–16; appendix A.4 Table 5",Missing lifecycle channel: reset_recovery_cost.
CE-EFF-0322,CL-EFF-017,LC-EFF-0076,missingness_member,lifecycle.reporting_status=not_reported,230,sharma2026worldgymnast,"PDF pp.4–7,15–16; appendix A.4 Table 5",Missing lifecycle channel: engineering_setup_time.
CE-EFF-0323,CL-EFF-017,LC-EFF-0077,missingness_member,lifecycle.reporting_status=not_reported,230,sharma2026worldgymnast,"PDF pp.4–7,15–16; appendix A.4 Table 5",Missing lifecycle channel: safety_exposure.
CE-EFF-0324,CL-EFF-017,LC-EFF-0078,missingness_member,lifecycle.reporting_status=not_reported,230,sharma2026worldgymnast,"PDF pp.4–7,15–16; appendix A.4 Table 5",Missing lifecycle channel: wear_maintenance_downtime.
CE-EFF-0325,CL-EFF-017,LC-EFF-0079,missingness_member,lifecycle.reporting_status=not_reported,230,sharma2026worldgymnast,"PDF pp.4–7,15–16; appendix A.4 Table 5",Missing lifecycle channel: failed_development_runs.
CE-EFF-0326,CL-EFF-017,LC-EFF-0081,missingness_member,lifecycle.reporting_status=not_reported,230,zhao2025silri,"PDF pp.5,7,9–10,13 Table II",Missing lifecycle channel: active_human_time.
CE-EFF-0327,CL-EFF-017,LC-EFF-0083,missingness_member,lifecycle.reporting_status=not_reported,230,zhao2025silri,"PDF pp.5,7,9–10,13 Table II",Missing lifecycle channel: reset_recovery_cost.
CE-EFF-0328,CL-EFF-017,LC-EFF-0084,missingness_member,lifecycle.reporting_status=not_reported,230,zhao2025silri,"PDF pp.5,7,9–10,13 Table II",Missing lifecycle channel: engineering_setup_time.
CE-EFF-0329,CL-EFF-017,LC-EFF-0085,missingness_member,lifecycle.reporting_status=not_reported,230,zhao2025silri,"PDF pp.5,7,9–10,13 Table II",Missing lifecycle channel: safety_exposure.
CE-EFF-0330,CL-EFF-017,LC-EFF-0086,missingness_member,lifecycle.reporting_status=not_reported,230,zhao2025silri,"PDF pp.5,7,9–10,13 Table II",Missing lifecycle channel: wear_maintenance_downtime.
CE-EFF-0331,CL-EFF-017,LC-EFF-0087,missingness_member,lifecycle.reporting_status=not_reported,230,zhao2025silri,"PDF pp.5,7,9–10,13 Table II",Missing lifecycle channel: failed_development_runs.
CE-EFF-0332,CL-EFF-017,LC-EFF-0089,missingness_member,lifecycle.reporting_status=not_reported,230,yin2026playworld,"PDF pp.2,4–7,10,23",Missing lifecycle channel: active_human_time.
CE-EFF-0333,CL-EFF-017,LC-EFF-0091,missingness_member,lifecycle.reporting_status=not_reported,230,yin2026playworld,"PDF pp.2,4–7,10,23",Missing lifecycle channel: reset_recovery_cost.
CE-EFF-0334,CL-EFF-017,LC-EFF-0092,missingness_member,lifecycle.reporting_status=not_reported,230,yin2026playworld,"PDF pp.2,4–7,10,23",Missing lifecycle channel: engineering_setup_time.
CE-EFF-0335,CL-EFF-017,LC-EFF-0093,missingness_member,lifecycle.reporting_status=not_reported,230,yin2026playworld,"PDF pp.2,4–7,10,23",Missing lifecycle channel: safety_exposure.
CE-EFF-0336,CL-EFF-017,LC-EFF-0094,missingness_member,lifecycle.reporting_status=not_reported,230,yin2026playworld,"PDF pp.2,4–7,10,23",Missing lifecycle channel: wear_maintenance_downtime.
CE-EFF-0337,CL-EFF-017,LC-EFF-0095,missingness_member,lifecycle.reporting_status=not_reported,230,yin2026playworld,"PDF pp.2,4–7,10,23",Missing lifecycle channel: failed_development_runs.
CE-EFF-0338,CL-EFF-017,LC-EFF-0097,missingness_member,lifecycle.reporting_status=not_reported,230,haarnoja2019walk,PDF p.1 abstract; p.7 Sec. V-A; p.8 Sec. VI,Missing lifecycle channel: active_human_time.
CE-EFF-0339,CL-EFF-017,LC-EFF-0098,missingness_member,lifecycle.reporting_status=not_reported,230,haarnoja2019walk,PDF p.1 abstract; p.7 Sec. V-A; p.8 Sec. VI,Missing lifecycle channel: standby_monitoring_time.
CE-EFF-0340,CL-EFF-017,LC-EFF-0099,missingness_member,lifecycle.reporting_status=not_reported,230,haarnoja2019walk,PDF p.1 abstract; p.7 Sec. V-A; p.8 Sec. VI,Missing lifecycle channel: reset_recovery_cost.
CE-EFF-0341,CL-EFF-017,LC-EFF-0100,missingness_member,lifecycle.reporting_status=not_reported,230,haarnoja2019walk,PDF p.1 abstract; p.7 Sec. V-A; p.8 Sec. VI,Missing lifecycle channel: engineering_setup_time.
CE-EFF-0342,CL-EFF-017,LC-EFF-0101,missingness_member,lifecycle.reporting_status=not_reported,230,haarnoja2019walk,PDF p.1 abstract; p.7 Sec. V-A; p.8 Sec. VI,Missing lifecycle channel: safety_exposure.
CE-EFF-0343,CL-EFF-017,LC-EFF-0102,missingness_member,lifecycle.reporting_status=not_reported,230,haarnoja2019walk,PDF p.1 abstract; p.7 Sec. V-A; p.8 Sec. VI,Missing lifecycle channel: wear_maintenance_downtime.
CE-EFF-0344,CL-EFF-017,LC-EFF-0103,missingness_member,lifecycle.reporting_status=not_reported,230,haarnoja2019walk,PDF p.1 abstract; p.7 Sec. V-A; p.8 Sec. VI,Missing lifecycle channel: failed_development_runs.
CE-EFF-0345,CL-EFF-017,LC-EFF-0104,missingness_member,lifecycle.reporting_status=not_reported,230,haarnoja2019walk,PDF p.1 abstract; p.7 Sec. V-A; p.8 Sec. VI,Missing lifecycle channel: prior_data_cost.
CE-EFF-0346,CL-EFF-017,LC-EFF-0106,missingness_member,lifecycle.reporting_status=not_reported,230,zhan2022ferm,PDF p.3 Sec. III; p.4 Sec. IV and Fig. 4,Missing lifecycle channel: standby_monitoring_time.
CE-EFF-0347,CL-EFF-017,LC-EFF-0107,missingness_member,lifecycle.reporting_status=not_reported,230,zhan2022ferm,PDF p.3 Sec. III; p.4 Sec. IV and Fig. 4,Missing lifecycle channel: reset_recovery_cost.
CE-EFF-0348,CL-EFF-017,LC-EFF-0108,missingness_member,lifecycle.reporting_status=not_reported,230,zhan2022ferm,PDF p.3 Sec. III; p.4 Sec. IV and Fig. 4,Missing lifecycle channel: engineering_setup_time.
CE-EFF-0349,CL-EFF-017,LC-EFF-0109,missingness_member,lifecycle.reporting_status=not_reported,230,zhan2022ferm,PDF p.3 Sec. III; p.4 Sec. IV and Fig. 4,Missing lifecycle channel: safety_exposure.
CE-EFF-0350,CL-EFF-017,LC-EFF-0110,missingness_member,lifecycle.reporting_status=not_reported,230,zhan2022ferm,PDF p.3 Sec. III; p.4 Sec. IV and Fig. 4,Missing lifecycle channel: wear_maintenance_downtime.
CE-EFF-0351,CL-EFF-017,LC-EFF-0111,missingness_member,lifecycle.reporting_status=not_reported,230,zhan2022ferm,PDF p.3 Sec. III; p.4 Sec. IV and Fig. 4,Missing lifecycle channel: failed_development_runs.
CE-EFF-0352,CL-EFF-017,LC-EFF-0113,missingness_member,lifecycle.reporting_status=not_reported,230,tebbe2021tabletennis,PDF p.5 Sec. IV; p.6 Sec. V,Missing lifecycle channel: active_human_time.
CE-EFF-0353,CL-EFF-017,LC-EFF-0114,missingness_member,lifecycle.reporting_status=not_reported,230,tebbe2021tabletennis,PDF p.5 Sec. IV; p.6 Sec. V,Missing lifecycle channel: standby_monitoring_time.
CE-EFF-0354,CL-EFF-017,LC-EFF-0115,missingness_member,lifecycle.reporting_status=not_reported,230,tebbe2021tabletennis,PDF p.5 Sec. IV; p.6 Sec. V,Missing lifecycle channel: reset_recovery_cost.
CE-EFF-0355,CL-EFF-017,LC-EFF-0116,missingness_member,lifecycle.reporting_status=not_reported,230,tebbe2021tabletennis,PDF p.5 Sec. IV; p.6 Sec. V,Missing lifecycle channel: engineering_setup_time.
CE-EFF-0356,CL-EFF-017,LC-EFF-0117,missingness_member,lifecycle.reporting_status=not_reported,230,tebbe2021tabletennis,PDF p.5 Sec. IV; p.6 Sec. V,Missing lifecycle channel: safety_exposure.
CE-EFF-0357,CL-EFF-017,LC-EFF-0118,missingness_member,lifecycle.reporting_status=not_reported,230,tebbe2021tabletennis,PDF p.5 Sec. IV; p.6 Sec. V,Missing lifecycle channel: wear_maintenance_downtime.
CE-EFF-0358,CL-EFF-017,LC-EFF-0119,missingness_member,lifecycle.reporting_status=not_reported,230,tebbe2021tabletennis,PDF p.5 Sec. IV; p.6 Sec. V,Missing lifecycle channel: failed_development_runs.
CE-EFF-0359,CL-EFF-017,LC-EFF-0121,missingness_member,lifecycle.reporting_status=not_reported,230,wu2023daydreamer,PDF p.5 Sec. 4.1; pp.6–8 Secs. 4.2–4.4; p.13 appendix figure,Missing lifecycle channel: active_human_time.
CE-EFF-0360,CL-EFF-017,LC-EFF-0122,missingness_member,lifecycle.reporting_status=not_reported,230,wu2023daydreamer,PDF p.5 Sec. 4.1; pp.6–8 Secs. 4.2–4.4; p.13 appendix figure,Missing lifecycle channel: standby_monitoring_time.
CE-EFF-0361,CL-EFF-017,LC-EFF-0123,missingness_member,lifecycle.reporting_status=not_reported,230,wu2023daydreamer,PDF p.5 Sec. 4.1; pp.6–8 Secs. 4.2–4.4; p.13 appendix figure,Missing lifecycle channel: reset_recovery_cost.
CE-EFF-0362,CL-EFF-017,LC-EFF-0124,missingness_member,lifecycle.reporting_status=not_reported,230,wu2023daydreamer,PDF p.5 Sec. 4.1; pp.6–8 Secs. 4.2–4.4; p.13 appendix figure,Missing lifecycle channel: engineering_setup_time.
CE-EFF-0363,CL-EFF-017,LC-EFF-0125,missingness_member,lifecycle.reporting_status=not_reported,230,wu2023daydreamer,PDF p.5 Sec. 4.1; pp.6–8 Secs. 4.2–4.4; p.13 appendix figure,Missing lifecycle channel: safety_exposure.
CE-EFF-0364,CL-EFF-017,LC-EFF-0127,missingness_member,lifecycle.reporting_status=not_reported,230,wu2023daydreamer,PDF p.5 Sec. 4.1; pp.6–8 Secs. 4.2–4.4; p.13 appendix figure,Missing lifecycle channel: failed_development_runs.
CE-EFF-0365,CL-EFF-017,LC-EFF-0128,missingness_member,lifecycle.reporting_status=not_reported,230,wu2023daydreamer,PDF p.5 Sec. 4.1; pp.6–8 Secs. 4.2–4.4; p.13 appendix figure,Missing lifecycle channel: prior_data_cost.
CE-EFF-0366,CL-EFF-017,LC-EFF-0129,missingness_member,lifecycle.reporting_status=not_reported,230,kalashnikov2018qtopt,PDF p.1 abstract; p.2 Sec. 1; p.14 Sec. 5.3; p.21 appendix,Missing lifecycle channel: active_human_time.
CE-EFF-0367,CL-EFF-017,LC-EFF-0130,missingness_member,lifecycle.reporting_status=not_reported,230,kalashnikov2018qtopt,PDF p.1 abstract; p.2 Sec. 1; p.14 Sec. 5.3; p.21 appendix,Missing lifecycle channel: standby_monitoring_time.
CE-EFF-0368,CL-EFF-017,LC-EFF-0131,missingness_member,lifecycle.reporting_status=not_reported,230,kalashnikov2018qtopt,PDF p.1 abstract; p.2 Sec. 1; p.14 Sec. 5.3; p.21 appendix,Missing lifecycle channel: reset_recovery_cost.
CE-EFF-0369,CL-EFF-017,LC-EFF-0132,missingness_member,lifecycle.reporting_status=not_reported,230,kalashnikov2018qtopt,PDF p.1 abstract; p.2 Sec. 1; p.14 Sec. 5.3; p.21 appendix,Missing lifecycle channel: engineering_setup_time.
CE-EFF-0370,CL-EFF-017,LC-EFF-0133,missingness_member,lifecycle.reporting_status=not_reported,230,kalashnikov2018qtopt,PDF p.1 abstract; p.2 Sec. 1; p.14 Sec. 5.3; p.21 appendix,Missing lifecycle channel: safety_exposure.
CE-EFF-0371,CL-EFF-017,LC-EFF-0134,missingness_member,lifecycle.reporting_status=not_reported,230,kalashnikov2018qtopt,PDF p.1 abstract; p.2 Sec. 1; p.14 Sec. 5.3; p.21 appendix,Missing lifecycle channel: wear_maintenance_downtime.
CE-EFF-0372,CL-EFF-017,LC-EFF-0135,missingness_member,lifecycle.reporting_status=not_reported,230,kalashnikov2018qtopt,PDF p.1 abstract; p.2 Sec. 1; p.14 Sec. 5.3; p.21 appendix,Missing lifecycle channel: failed_development_runs.
CE-EFF-0373,CL-EFF-017,LC-EFF-0137,missingness_member,lifecycle.reporting_status=not_reported,230,kalashnikov2022mtopt,"PDF p.1 abstract; pp.15–17 appendix, Table IV",Missing lifecycle channel: active_human_time.
CE-EFF-0374,CL-EFF-017,LC-EFF-0138,missingness_member,lifecycle.reporting_status=not_reported,230,kalashnikov2022mtopt,"PDF p.1 abstract; pp.15–17 appendix, Table IV",Missing lifecycle channel: standby_monitoring_time.
CE-EFF-0375,CL-EFF-017,LC-EFF-0139,missingness_member,lifecycle.reporting_status=not_reported,230,kalashnikov2022mtopt,"PDF p.1 abstract; pp.15–17 appendix, Table IV",Missing lifecycle channel: reset_recovery_cost.
CE-EFF-0376,CL-EFF-017,LC-EFF-0140,missingness_member,lifecycle.reporting_status=not_reported,230,kalashnikov2022mtopt,"PDF p.1 abstract; pp.15–17 appendix, Table IV",Missing lifecycle channel: engineering_setup_time.
CE-EFF-0377,CL-EFF-017,LC-EFF-0141,missingness_member,lifecycle.reporting_status=not_reported,230,kalashnikov2022mtopt,"PDF p.1 abstract; pp.15–17 appendix, Table IV",Missing lifecycle channel: safety_exposure.
CE-EFF-0378,CL-EFF-017,LC-EFF-0142,missingness_member,lifecycle.reporting_status=not_reported,230,kalashnikov2022mtopt,"PDF p.1 abstract; pp.15–17 appendix, Table IV",Missing lifecycle channel: wear_maintenance_downtime.
CE-EFF-0379,CL-EFF-017,LC-EFF-0143,missingness_member,lifecycle.reporting_status=not_reported,230,kalashnikov2022mtopt,"PDF p.1 abstract; pp.15–17 appendix, Table IV",Missing lifecycle channel: failed_development_runs.
CE-EFF-0380,CL-EFF-017,LC-EFF-0145,missingness_member,lifecycle.reporting_status=not_reported,230,riedmiller2018sacx,PDF p.8 Sec. 5.4 and physical-robot figure,Missing lifecycle channel: active_human_time.
CE-EFF-0381,CL-EFF-017,LC-EFF-0146,missingness_member,lifecycle.reporting_status=not_reported,230,riedmiller2018sacx,PDF p.8 Sec. 5.4 and physical-robot figure,Missing lifecycle channel: standby_monitoring_time.
CE-EFF-0382,CL-EFF-017,LC-EFF-0147,missingness_member,lifecycle.reporting_status=not_reported,230,riedmiller2018sacx,PDF p.8 Sec. 5.4 and physical-robot figure,Missing lifecycle channel: reset_recovery_cost.
CE-EFF-0383,CL-EFF-017,LC-EFF-0148,missingness_member,lifecycle.reporting_status=not_reported,230,riedmiller2018sacx,PDF p.8 Sec. 5.4 and physical-robot figure,Missing lifecycle channel: engineering_setup_time.
CE-EFF-0384,CL-EFF-017,LC-EFF-0149,missingness_member,lifecycle.reporting_status=not_reported,230,riedmiller2018sacx,PDF p.8 Sec. 5.4 and physical-robot figure,Missing lifecycle channel: safety_exposure.
CE-EFF-0385,CL-EFF-017,LC-EFF-0150,missingness_member,lifecycle.reporting_status=not_reported,230,riedmiller2018sacx,PDF p.8 Sec. 5.4 and physical-robot figure,Missing lifecycle channel: wear_maintenance_downtime.
CE-EFF-0386,CL-EFF-017,LC-EFF-0151,missingness_member,lifecycle.reporting_status=not_reported,230,riedmiller2018sacx,PDF p.8 Sec. 5.4 and physical-robot figure,Missing lifecycle channel: failed_development_runs.
CE-EFF-0387,CL-EFF-017,LC-EFF-0152,missingness_member,lifecycle.reporting_status=not_reported,230,riedmiller2018sacx,PDF p.8 Sec. 5.4 and physical-robot figure,Missing lifecycle channel: prior_data_cost.
CE-EFF-0388,CL-EFF-017,LC-EFF-0153,missingness_member,lifecycle.reporting_status=not_reported,230,nair2020awac,PDF p.8 Sec. 6.3; p.17 appendix robot-experiment details,Missing lifecycle channel: active_human_time.
CE-EFF-0389,CL-EFF-017,LC-EFF-0154,missingness_member,lifecycle.reporting_status=not_reported,230,nair2020awac,PDF p.8 Sec. 6.3; p.17 appendix robot-experiment details,Missing lifecycle channel: standby_monitoring_time.
CE-EFF-0390,CL-EFF-017,LC-EFF-0155,missingness_member,lifecycle.reporting_status=not_reported,230,nair2020awac,PDF p.8 Sec. 6.3; p.17 appendix robot-experiment details,Missing lifecycle channel: reset_recovery_cost.
CE-EFF-0391,CL-EFF-017,LC-EFF-0156,missingness_member,lifecycle.reporting_status=not_reported,230,nair2020awac,PDF p.8 Sec. 6.3; p.17 appendix robot-experiment details,Missing lifecycle channel: engineering_setup_time.
CE-EFF-0392,CL-EFF-017,LC-EFF-0157,missingness_member,lifecycle.reporting_status=not_reported,230,nair2020awac,PDF p.8 Sec. 6.3; p.17 appendix robot-experiment details,Missing lifecycle channel: safety_exposure.
CE-EFF-0393,CL-EFF-017,LC-EFF-0158,missingness_member,lifecycle.reporting_status=not_reported,230,nair2020awac,PDF p.8 Sec. 6.3; p.17 appendix robot-experiment details,Missing lifecycle channel: wear_maintenance_downtime.
CE-EFF-0394,CL-EFF-017,LC-EFF-0159,missingness_member,lifecycle.reporting_status=not_reported,230,nair2020awac,PDF p.8 Sec. 6.3; p.17 appendix robot-experiment details,Missing lifecycle channel: failed_development_runs.
CE-EFF-0395,CL-EFF-017,LC-EFF-0161,missingness_member,lifecycle.reporting_status=not_reported,230,singh2021cog,PDF p.8 Sec. 5.2 and real-robot table,Missing lifecycle channel: active_human_time.
CE-EFF-0396,CL-EFF-017,LC-EFF-0162,missingness_member,lifecycle.reporting_status=not_reported,230,singh2021cog,PDF p.8 Sec. 5.2 and real-robot table,Missing lifecycle channel: standby_monitoring_time.
CE-EFF-0397,CL-EFF-017,LC-EFF-0163,missingness_member,lifecycle.reporting_status=not_reported,230,singh2021cog,PDF p.8 Sec. 5.2 and real-robot table,Missing lifecycle channel: reset_recovery_cost.
CE-EFF-0398,CL-EFF-017,LC-EFF-0164,missingness_member,lifecycle.reporting_status=not_reported,230,singh2021cog,PDF p.8 Sec. 5.2 and real-robot table,Missing lifecycle channel: engineering_setup_time.
CE-EFF-0399,CL-EFF-017,LC-EFF-0165,missingness_member,lifecycle.reporting_status=not_reported,230,singh2021cog,PDF p.8 Sec. 5.2 and real-robot table,Missing lifecycle channel: safety_exposure.
CE-EFF-0400,CL-EFF-017,LC-EFF-0166,missingness_member,lifecycle.reporting_status=not_reported,230,singh2021cog,PDF p.8 Sec. 5.2 and real-robot table,Missing lifecycle channel: wear_maintenance_downtime.
CE-EFF-0401,CL-EFF-017,LC-EFF-0167,missingness_member,lifecycle.reporting_status=not_reported,230,singh2021cog,PDF p.8 Sec. 5.2 and real-robot table,Missing lifecycle channel: failed_development_runs.
CE-EFF-0402,CL-EFF-017,LC-EFF-0169,missingness_member,lifecycle.reporting_status=not_reported,230,kumar2023ptr,PDF pp.7–9 Sec. 5; pp.14–16 appendix; p.21 appendix,Missing lifecycle channel: active_human_time.
CE-EFF-0403,CL-EFF-017,LC-EFF-0170,missingness_member,lifecycle.reporting_status=not_reported,230,kumar2023ptr,PDF pp.7–9 Sec. 5; pp.14–16 appendix; p.21 appendix,Missing lifecycle channel: standby_monitoring_time.
CE-EFF-0404,CL-EFF-017,LC-EFF-0171,missingness_member,lifecycle.reporting_status=not_reported,230,kumar2023ptr,PDF pp.7–9 Sec. 5; pp.14–16 appendix; p.21 appendix,Missing lifecycle channel: reset_recovery_cost.
CE-EFF-0405,CL-EFF-017,LC-EFF-0172,missingness_member,lifecycle.reporting_status=not_reported,230,kumar2023ptr,PDF pp.7–9 Sec. 5; pp.14–16 appendix; p.21 appendix,Missing lifecycle channel: engineering_setup_time.
CE-EFF-0406,CL-EFF-017,LC-EFF-0173,missingness_member,lifecycle.reporting_status=not_reported,230,kumar2023ptr,PDF pp.7–9 Sec. 5; pp.14–16 appendix; p.21 appendix,Missing lifecycle channel: safety_exposure.
CE-EFF-0407,CL-EFF-017,LC-EFF-0174,missingness_member,lifecycle.reporting_status=not_reported,230,kumar2023ptr,PDF pp.7–9 Sec. 5; pp.14–16 appendix; p.21 appendix,Missing lifecycle channel: wear_maintenance_downtime.
CE-EFF-0408,CL-EFF-017,LC-EFF-0175,missingness_member,lifecycle.reporting_status=not_reported,230,kumar2023ptr,PDF pp.7–9 Sec. 5; pp.14–16 appendix; p.21 appendix,Missing lifecycle channel: failed_development_runs.
CE-EFF-0409,CL-EFF-017,LC-EFF-0177,missingness_member,lifecycle.reporting_status=not_reported,230,chebotar2023qtransformer,PDF p.2 Sec. 1; p.6 Sec. 4 and evaluation table; p.8 compute paragraph,Missing lifecycle channel: active_human_time.
CE-EFF-0410,CL-EFF-017,LC-EFF-0178,missingness_member,lifecycle.reporting_status=not_reported,230,chebotar2023qtransformer,PDF p.2 Sec. 1; p.6 Sec. 4 and evaluation table; p.8 compute paragraph,Missing lifecycle channel: standby_monitoring_time.
CE-EFF-0411,CL-EFF-017,LC-EFF-0179,missingness_member,lifecycle.reporting_status=not_reported,230,chebotar2023qtransformer,PDF p.2 Sec. 1; p.6 Sec. 4 and evaluation table; p.8 compute paragraph,Missing lifecycle channel: reset_recovery_cost.
CE-EFF-0412,CL-EFF-017,LC-EFF-0180,missingness_member,lifecycle.reporting_status=not_reported,230,chebotar2023qtransformer,PDF p.2 Sec. 1; p.6 Sec. 4 and evaluation table; p.8 compute paragraph,Missing lifecycle channel: engineering_setup_time.
CE-EFF-0413,CL-EFF-017,LC-EFF-0181,missingness_member,lifecycle.reporting_status=not_reported,230,chebotar2023qtransformer,PDF p.2 Sec. 1; p.6 Sec. 4 and evaluation table; p.8 compute paragraph,Missing lifecycle channel: safety_exposure.
CE-EFF-0414,CL-EFF-017,LC-EFF-0182,missingness_member,lifecycle.reporting_status=not_reported,230,chebotar2023qtransformer,PDF p.2 Sec. 1; p.6 Sec. 4 and evaluation table; p.8 compute paragraph,Missing lifecycle channel: wear_maintenance_downtime.
CE-EFF-0415,CL-EFF-017,LC-EFF-0183,missingness_member,lifecycle.reporting_status=not_reported,230,chebotar2023qtransformer,PDF p.2 Sec. 1; p.6 Sec. 4 and evaluation table; p.8 compute paragraph,Missing lifecycle channel: failed_development_runs.
CE-EFF-0416,CL-EFF-017,LC-EFF-0185,missingness_member,lifecycle.reporting_status=not_reported,230,nair2018rig,PDF pp.8–9 Sec. 5.3,Missing lifecycle channel: active_human_time.
CE-EFF-0417,CL-EFF-017,LC-EFF-0186,missingness_member,lifecycle.reporting_status=not_reported,230,nair2018rig,PDF pp.8–9 Sec. 5.3,Missing lifecycle channel: standby_monitoring_time.
CE-EFF-0418,CL-EFF-017,LC-EFF-0187,missingness_member,lifecycle.reporting_status=not_reported,230,nair2018rig,PDF pp.8–9 Sec. 5.3,Missing lifecycle channel: reset_recovery_cost.
CE-EFF-0419,CL-EFF-017,LC-EFF-0188,missingness_member,lifecycle.reporting_status=not_reported,230,nair2018rig,PDF pp.8–9 Sec. 5.3,Missing lifecycle channel: engineering_setup_time.
CE-EFF-0420,CL-EFF-017,LC-EFF-0189,missingness_member,lifecycle.reporting_status=not_reported,230,nair2018rig,PDF pp.8–9 Sec. 5.3,Missing lifecycle channel: safety_exposure.
CE-EFF-0421,CL-EFF-017,LC-EFF-0190,missingness_member,lifecycle.reporting_status=not_reported,230,nair2018rig,PDF pp.8–9 Sec. 5.3,Missing lifecycle channel: wear_maintenance_downtime.
CE-EFF-0422,CL-EFF-017,LC-EFF-0191,missingness_member,lifecycle.reporting_status=not_reported,230,nair2018rig,PDF pp.8–9 Sec. 5.3,Missing lifecycle channel: failed_development_runs.
CE-EFF-0423,CL-EFF-017,LC-EFF-0192,missingness_member,lifecycle.reporting_status=not_reported,230,nair2018rig,PDF pp.8–9 Sec. 5.3,Missing lifecycle channel: prior_data_cost.
CE-EFF-0424,CL-EFF-017,LC-EFF-0193,missingness_member,lifecycle.reporting_status=not_reported,230,gupta2021resetfreemtl,"PDF p.1 abstract; pp.5–8 Secs. V-B and VI-C, Fig. 12",Missing lifecycle channel: active_human_time.
CE-EFF-0425,CL-EFF-017,LC-EFF-0194,missingness_member,lifecycle.reporting_status=not_reported,230,gupta2021resetfreemtl,"PDF p.1 abstract; pp.5–8 Secs. V-B and VI-C, Fig. 12",Missing lifecycle channel: standby_monitoring_time.
CE-EFF-0426,CL-EFF-017,LC-EFF-0195,missingness_member,lifecycle.reporting_status=not_reported,230,gupta2021resetfreemtl,"PDF p.1 abstract; pp.5–8 Secs. V-B and VI-C, Fig. 12",Missing lifecycle channel: reset_recovery_cost.
CE-EFF-0427,CL-EFF-017,LC-EFF-0196,missingness_member,lifecycle.reporting_status=not_reported,230,gupta2021resetfreemtl,"PDF p.1 abstract; pp.5–8 Secs. V-B and VI-C, Fig. 12",Missing lifecycle channel: engineering_setup_time.
CE-EFF-0428,CL-EFF-017,LC-EFF-0197,missingness_member,lifecycle.reporting_status=not_reported,230,gupta2021resetfreemtl,"PDF p.1 abstract; pp.5–8 Secs. V-B and VI-C, Fig. 12",Missing lifecycle channel: safety_exposure.
CE-EFF-0429,CL-EFF-017,LC-EFF-0198,missingness_member,lifecycle.reporting_status=not_reported,230,gupta2021resetfreemtl,"PDF p.1 abstract; pp.5–8 Secs. V-B and VI-C, Fig. 12",Missing lifecycle channel: wear_maintenance_downtime.
CE-EFF-0430,CL-EFF-017,LC-EFF-0199,missingness_member,lifecycle.reporting_status=not_reported,230,gupta2021resetfreemtl,"PDF p.1 abstract; pp.5–8 Secs. V-B and VI-C, Fig. 12",Missing lifecycle channel: failed_development_runs.
CE-EFF-0431,CL-EFF-017,LC-EFF-0200,missingness_member,lifecycle.reporting_status=not_reported,230,gupta2021resetfreemtl,"PDF p.1 abstract; pp.5–8 Secs. V-B and VI-C, Fig. 12",Missing lifecycle channel: prior_data_cost.
CE-EFF-0432,CL-EFF-017,LC-EFF-0201,missingness_member,lifecycle.reporting_status=not_reported,230,yang2020dataefficientlegged,PDF p.2 contribution summary; p.8 conclusion,Missing lifecycle channel: active_human_time.
CE-EFF-0433,CL-EFF-017,LC-EFF-0202,missingness_member,lifecycle.reporting_status=not_reported,230,yang2020dataefficientlegged,PDF p.2 contribution summary; p.8 conclusion,Missing lifecycle channel: standby_monitoring_time.
CE-EFF-0434,CL-EFF-017,LC-EFF-0203,missingness_member,lifecycle.reporting_status=not_reported,230,yang2020dataefficientlegged,PDF p.2 contribution summary; p.8 conclusion,Missing lifecycle channel: reset_recovery_cost.
CE-EFF-0435,CL-EFF-017,LC-EFF-0205,missingness_member,lifecycle.reporting_status=not_reported,230,yang2020dataefficientlegged,PDF p.2 contribution summary; p.8 conclusion,Missing lifecycle channel: safety_exposure.
CE-EFF-0436,CL-EFF-017,LC-EFF-0206,missingness_member,lifecycle.reporting_status=not_reported,230,yang2020dataefficientlegged,PDF p.2 contribution summary; p.8 conclusion,Missing lifecycle channel: wear_maintenance_downtime.
CE-EFF-0437,CL-EFF-017,LC-EFF-0207,missingness_member,lifecycle.reporting_status=not_reported,230,yang2020dataefficientlegged,PDF p.2 contribution summary; p.8 conclusion,Missing lifecycle channel: failed_development_runs.
CE-EFF-0438,CL-EFF-017,LC-EFF-0208,missingness_member,lifecycle.reporting_status=not_reported,230,yang2020dataefficientlegged,PDF p.2 contribution summary; p.8 conclusion,Missing lifecycle channel: prior_data_cost.
CE-EFF-0439,CL-EFF-017,LC-EFF-0209,missingness_member,lifecycle.reporting_status=not_reported,230,nagabandi2019metarl,PDF p.9 Sec. 5.4,Missing lifecycle channel: active_human_time.
CE-EFF-0440,CL-EFF-017,LC-EFF-0210,missingness_member,lifecycle.reporting_status=not_reported,230,nagabandi2019metarl,PDF p.9 Sec. 5.4,Missing lifecycle channel: standby_monitoring_time.
CE-EFF-0441,CL-EFF-017,LC-EFF-0211,missingness_member,lifecycle.reporting_status=not_reported,230,nagabandi2019metarl,PDF p.9 Sec. 5.4,Missing lifecycle channel: reset_recovery_cost.
CE-EFF-0442,CL-EFF-017,LC-EFF-0212,missingness_member,lifecycle.reporting_status=not_reported,230,nagabandi2019metarl,PDF p.9 Sec. 5.4,Missing lifecycle channel: engineering_setup_time.
CE-EFF-0443,CL-EFF-017,LC-EFF-0213,missingness_member,lifecycle.reporting_status=not_reported,230,nagabandi2019metarl,PDF p.9 Sec. 5.4,Missing lifecycle channel: safety_exposure.
CE-EFF-0444,CL-EFF-017,LC-EFF-0214,missingness_member,lifecycle.reporting_status=not_reported,230,nagabandi2019metarl,PDF p.9 Sec. 5.4,Missing lifecycle channel: wear_maintenance_downtime.
CE-EFF-0445,CL-EFF-017,LC-EFF-0215,missingness_member,lifecycle.reporting_status=not_reported,230,nagabandi2019metarl,PDF p.9 Sec. 5.4,Missing lifecycle channel: failed_development_runs.
CE-EFF-0446,CL-EFF-017,LC-EFF-0217,missingness_member,lifecycle.reporting_status=not_reported,230,cully2015adaptanimals,PDF p.1 abstract; Methods pp.18 and 20,Missing lifecycle channel: active_human_time.
CE-EFF-0447,CL-EFF-017,LC-EFF-0218,missingness_member,lifecycle.reporting_status=not_reported,230,cully2015adaptanimals,PDF p.1 abstract; Methods pp.18 and 20,Missing lifecycle channel: standby_monitoring_time.
CE-EFF-0448,CL-EFF-017,LC-EFF-0219,missingness_member,lifecycle.reporting_status=not_reported,230,cully2015adaptanimals,PDF p.1 abstract; Methods pp.18 and 20,Missing lifecycle channel: reset_recovery_cost.
CE-EFF-0449,CL-EFF-017,LC-EFF-0220,missingness_member,lifecycle.reporting_status=not_reported,230,cully2015adaptanimals,PDF p.1 abstract; Methods pp.18 and 20,Missing lifecycle channel: engineering_setup_time.
CE-EFF-0450,CL-EFF-017,LC-EFF-0221,missingness_member,lifecycle.reporting_status=not_reported,230,cully2015adaptanimals,PDF p.1 abstract; Methods pp.18 and 20,Missing lifecycle channel: safety_exposure.
CE-EFF-0451,CL-EFF-017,LC-EFF-0222,missingness_member,lifecycle.reporting_status=not_reported,230,cully2015adaptanimals,PDF p.1 abstract; Methods pp.18 and 20,Missing lifecycle channel: wear_maintenance_downtime.
CE-EFF-0452,CL-EFF-017,LC-EFF-0223,missingness_member,lifecycle.reporting_status=not_reported,230,cully2015adaptanimals,PDF p.1 abstract; Methods pp.18 and 20,Missing lifecycle channel: failed_development_runs.
CE-EFF-0453,CL-EFF-017,LC-EFF-0225,missingness_member,lifecycle.reporting_status=not_reported,230,chatzilygeroudis2017blackdrops,Correct PDF p.7 real-robot experiment; p.8 computational-cost discussion,Missing lifecycle channel: active_human_time.
CE-EFF-0454,CL-EFF-017,LC-EFF-0226,missingness_member,lifecycle.reporting_status=not_reported,230,chatzilygeroudis2017blackdrops,Correct PDF p.7 real-robot experiment; p.8 computational-cost discussion,Missing lifecycle channel: standby_monitoring_time.
CE-EFF-0455,CL-EFF-017,LC-EFF-0227,missingness_member,lifecycle.reporting_status=not_reported,230,chatzilygeroudis2017blackdrops,Correct PDF p.7 real-robot experiment; p.8 computational-cost discussion,Missing lifecycle channel: reset_recovery_cost.
CE-EFF-0456,CL-EFF-017,LC-EFF-0228,missingness_member,lifecycle.reporting_status=not_reported,230,chatzilygeroudis2017blackdrops,Correct PDF p.7 real-robot experiment; p.8 computational-cost discussion,Missing lifecycle channel: engineering_setup_time.
CE-EFF-0457,CL-EFF-017,LC-EFF-0229,missingness_member,lifecycle.reporting_status=not_reported,230,chatzilygeroudis2017blackdrops,Correct PDF p.7 real-robot experiment; p.8 computational-cost discussion,Missing lifecycle channel: safety_exposure.
CE-EFF-0458,CL-EFF-017,LC-EFF-0230,missingness_member,lifecycle.reporting_status=not_reported,230,chatzilygeroudis2017blackdrops,Correct PDF p.7 real-robot experiment; p.8 computational-cost discussion,Missing lifecycle channel: wear_maintenance_downtime.
CE-EFF-0459,CL-EFF-017,LC-EFF-0231,missingness_member,lifecycle.reporting_status=not_reported,230,chatzilygeroudis2017blackdrops,Correct PDF p.7 real-robot experiment; p.8 computational-cost discussion,Missing lifecycle channel: failed_development_runs.
CE-EFF-0460,CL-EFF-017,LC-EFF-0233,missingness_member,lifecycle.reporting_status=not_reported,230,johannink2019residual,PDF pp.5–6 Sec. IV and physical result figures,Missing lifecycle channel: active_human_time.
CE-EFF-0461,CL-EFF-017,LC-EFF-0234,missingness_member,lifecycle.reporting_status=not_reported,230,johannink2019residual,PDF pp.5–6 Sec. IV and physical result figures,Missing lifecycle channel: standby_monitoring_time.
CE-EFF-0462,CL-EFF-017,LC-EFF-0235,missingness_member,lifecycle.reporting_status=not_reported,230,johannink2019residual,PDF pp.5–6 Sec. IV and physical result figures,Missing lifecycle channel: reset_recovery_cost.
CE-EFF-0463,CL-EFF-017,LC-EFF-0236,missingness_member,lifecycle.reporting_status=not_reported,230,johannink2019residual,PDF pp.5–6 Sec. IV and physical result figures,Missing lifecycle channel: engineering_setup_time.
CE-EFF-0464,CL-EFF-017,LC-EFF-0237,missingness_member,lifecycle.reporting_status=not_reported,230,johannink2019residual,PDF pp.5–6 Sec. IV and physical result figures,Missing lifecycle channel: safety_exposure.
CE-EFF-0465,CL-EFF-017,LC-EFF-0238,missingness_member,lifecycle.reporting_status=not_reported,230,johannink2019residual,PDF pp.5–6 Sec. IV and physical result figures,Missing lifecycle channel: wear_maintenance_downtime.
CE-EFF-0466,CL-EFF-017,LC-EFF-0239,missingness_member,lifecycle.reporting_status=not_reported,230,johannink2019residual,PDF pp.5–6 Sec. IV and physical result figures,Missing lifecycle channel: failed_development_runs.
CE-EFF-0467,CL-EFF-017,LC-EFF-0242,missingness_member,lifecycle.reporting_status=not_reported,230,zhou2023realorl,PDF pp.1–2 abstract/introduction; p.5 dataset table; p.10 appendix summary; p.16 compute appendix,Missing lifecycle channel: standby_monitoring_time.
CE-EFF-0468,CL-EFF-017,LC-EFF-0243,missingness_member,lifecycle.reporting_status=not_reported,230,zhou2023realorl,PDF pp.1–2 abstract/introduction; p.5 dataset table; p.10 appendix summary; p.16 compute appendix,Missing lifecycle channel: reset_recovery_cost.
CE-EFF-0469,CL-EFF-017,LC-EFF-0244,missingness_member,lifecycle.reporting_status=not_reported,230,zhou2023realorl,PDF pp.1–2 abstract/introduction; p.5 dataset table; p.10 appendix summary; p.16 compute appendix,Missing lifecycle channel: engineering_setup_time.
CE-EFF-0470,CL-EFF-017,LC-EFF-0245,missingness_member,lifecycle.reporting_status=not_reported,230,zhou2023realorl,PDF pp.1–2 abstract/introduction; p.5 dataset table; p.10 appendix summary; p.16 compute appendix,Missing lifecycle channel: safety_exposure.
CE-EFF-0471,CL-EFF-017,LC-EFF-0246,missingness_member,lifecycle.reporting_status=not_reported,230,zhou2023realorl,PDF pp.1–2 abstract/introduction; p.5 dataset table; p.10 appendix summary; p.16 compute appendix,Missing lifecycle channel: wear_maintenance_downtime.
CE-EFF-0472,CL-EFF-017,LC-EFF-0247,missingness_member,lifecycle.reporting_status=not_reported,230,zhou2023realorl,PDF pp.1–2 abstract/introduction; p.5 dataset table; p.10 appendix summary; p.16 compute appendix,Missing lifecycle channel: failed_development_runs.
CE-EFF-0473,CL-EFF-017,LC-EFF-0249,missingness_member,lifecycle.reporting_status=not_reported,230,wurss2023locality,PDF p.1 abstract; p.2 Table I; p.3 system; pp.5–6 Secs. IV–V,Missing lifecycle channel: active_human_time.
CE-EFF-0474,CL-EFF-017,LC-EFF-0250,missingness_member,lifecycle.reporting_status=not_reported,230,wurss2023locality,PDF p.1 abstract; p.2 Table I; p.3 system; pp.5–6 Secs. IV–V,Missing lifecycle channel: standby_monitoring_time.
CE-EFF-0475,CL-EFF-017,LC-EFF-0251,missingness_member,lifecycle.reporting_status=not_reported,230,wurss2023locality,PDF p.1 abstract; p.2 Table I; p.3 system; pp.5–6 Secs. IV–V,Missing lifecycle channel: reset_recovery_cost.
CE-EFF-0476,CL-EFF-017,LC-EFF-0252,missingness_member,lifecycle.reporting_status=not_reported,230,wurss2023locality,PDF p.1 abstract; p.2 Table I; p.3 system; pp.5–6 Secs. IV–V,Missing lifecycle channel: engineering_setup_time.
CE-EFF-0477,CL-EFF-017,LC-EFF-0253,missingness_member,lifecycle.reporting_status=not_reported,230,wurss2023locality,PDF p.1 abstract; p.2 Table I; p.3 system; pp.5–6 Secs. IV–V,Missing lifecycle channel: safety_exposure.
CE-EFF-0478,CL-EFF-017,LC-EFF-0254,missingness_member,lifecycle.reporting_status=not_reported,230,wurss2023locality,PDF p.1 abstract; p.2 Table I; p.3 system; pp.5–6 Secs. IV–V,Missing lifecycle channel: wear_maintenance_downtime.
CE-EFF-0479,CL-EFF-017,LC-EFF-0255,missingness_member,lifecycle.reporting_status=not_reported,230,wurss2023locality,PDF p.1 abstract; p.2 Table I; p.3 system; pp.5–6 Secs. IV–V,Missing lifecycle channel: failed_development_runs.
CE-EFF-0480,CL-EFF-017,LC-EFF-0256,missingness_member,lifecycle.reporting_status=not_reported,230,wurss2023locality,PDF p.1 abstract; p.2 Table I; p.3 system; pp.5–6 Secs. IV–V,Missing lifecycle channel: prior_data_cost.
CE-EFF-0481,CL-EFF-017,LC-EFF-0257,missingness_member,lifecycle.reporting_status=not_reported,230,lancaster2024modemv2,PDF pp.5–6 Sec. IV and time figure; pp.9–10 appendix,Missing lifecycle channel: active_human_time.
CE-EFF-0482,CL-EFF-017,LC-EFF-0258,missingness_member,lifecycle.reporting_status=not_reported,230,lancaster2024modemv2,PDF pp.5–6 Sec. IV and time figure; pp.9–10 appendix,Missing lifecycle channel: standby_monitoring_time.
CE-EFF-0483,CL-EFF-017,LC-EFF-0259,missingness_member,lifecycle.reporting_status=not_reported,230,lancaster2024modemv2,PDF pp.5–6 Sec. IV and time figure; pp.9–10 appendix,Missing lifecycle channel: reset_recovery_cost.
CE-EFF-0484,CL-EFF-017,LC-EFF-0260,missingness_member,lifecycle.reporting_status=not_reported,230,lancaster2024modemv2,PDF pp.5–6 Sec. IV and time figure; pp.9–10 appendix,Missing lifecycle channel: engineering_setup_time.
CE-EFF-0485,CL-EFF-017,LC-EFF-0261,missingness_member,lifecycle.reporting_status=not_reported,230,lancaster2024modemv2,PDF pp.5–6 Sec. IV and time figure; pp.9–10 appendix,Missing lifecycle channel: safety_exposure.
CE-EFF-0486,CL-EFF-017,LC-EFF-0262,missingness_member,lifecycle.reporting_status=not_reported,230,lancaster2024modemv2,PDF pp.5–6 Sec. IV and time figure; pp.9–10 appendix,Missing lifecycle channel: wear_maintenance_downtime.
CE-EFF-0487,CL-EFF-017,LC-EFF-0263,missingness_member,lifecycle.reporting_status=not_reported,230,lancaster2024modemv2,PDF pp.5–6 Sec. IV and time figure; pp.9–10 appendix,Missing lifecycle channel: failed_development_runs.
CE-EFF-0488,CL-EFF-017,LC-EFF-0265,missingness_member,lifecycle.reporting_status=not_reported,230,sharma2023medalpp,PDF p.7 Figs. 5–6 and Table 6,Missing lifecycle channel: active_human_time.
CE-EFF-0489,CL-EFF-017,LC-EFF-0266,missingness_member,lifecycle.reporting_status=not_reported,230,sharma2023medalpp,PDF p.7 Figs. 5–6 and Table 6,Missing lifecycle channel: standby_monitoring_time.
CE-EFF-0490,CL-EFF-017,LC-EFF-0268,missingness_member,lifecycle.reporting_status=not_reported,230,sharma2023medalpp,PDF p.7 Figs. 5–6 and Table 6,Missing lifecycle channel: engineering_setup_time.
CE-EFF-0491,CL-EFF-017,LC-EFF-0269,missingness_member,lifecycle.reporting_status=not_reported,230,sharma2023medalpp,PDF p.7 Figs. 5–6 and Table 6,Missing lifecycle channel: safety_exposure.
CE-EFF-0492,CL-EFF-017,LC-EFF-0270,missingness_member,lifecycle.reporting_status=not_reported,230,sharma2023medalpp,PDF p.7 Figs. 5–6 and Table 6,Missing lifecycle channel: wear_maintenance_downtime.
CE-EFF-0493,CL-EFF-017,LC-EFF-0271,missingness_member,lifecycle.reporting_status=not_reported,230,sharma2023medalpp,PDF p.7 Figs. 5–6 and Table 6,Missing lifecycle channel: failed_development_runs.
CE-EFF-0494,CL-EFF-018,PAPER-EFF-luo2024serl,metadata_filter_member,papers.code_status=official_public,16,luo2024serl,https://github.com/rail-berkeley/serl,Official public code URL verified at the corpus cutoff.
CE-EFF-0495,CL-EFF-018,PAPER-EFF-luo2025hilserl,metadata_filter_member,papers.code_status=official_public,16,luo2025hilserl,https://github.com/rail-berkeley/hil-serl,Official public code URL verified at the corpus cutoff.
CE-EFF-0496,CL-EFF-018,PAPER-EFF-liu2026autoserl,metadata_filter_member,papers.code_status=official_public,16,liu2026autoserl,https://github.com/autoserl/AutoSERL,Official public code URL verified at the corpus cutoff.
CE-EFF-0497,CL-EFF-018,PAPER-EFF-stachowicz2023fastrlap,metadata_filter_member,papers.code_status=official_public,16,stachowicz2023fastrlap,https://github.com/kylestach/fastrlap-release,Official public code URL verified at the corpus cutoff.
CE-EFF-0498,CL-EFF-018,PAPER-EFF-hu2025robottrainsrobot,metadata_filter_member,papers.code_status=official_public,16,hu2025robottrainsrobot,https://github.com/hukz18/Robot-Trains-Robot,Official public code URL verified at the corpus cutoff.
CE-EFF-0499,CL-EFF-018,PAPER-EFF-sharma2026worldgymnast,metadata_filter_member,papers.code_status=official_public,16,sharma2026worldgymnast,https://github.com/world-gymnast/world-gymnast,Official public code URL verified at the corpus cutoff.
CE-EFF-0500,CL-EFF-018,PAPER-EFF-zhao2025silri,metadata_filter_member,papers.code_status=official_public,16,zhao2025silri,https://github.com/nuomizai/HIL-RL,Official public code URL verified at the corpus cutoff.
CE-EFF-0501,CL-EFF-018,PAPER-EFF-dulacarnold2021challenges,metadata_filter_member,papers.code_status=official_public,16,dulacarnold2021challenges,https://github.com/google-research/realworldrl_suite,Official public code URL verified at the corpus cutoff.
CE-EFF-0502,CL-EFF-018,PAPER-EFF-wu2023daydreamer,metadata_filter_member,papers.code_status=official_public,16,wu2023daydreamer,https://github.com/danijar/daydreamer,Official public code URL verified at the corpus cutoff.
CE-EFF-0503,CL-EFF-018,PAPER-EFF-nair2020awac,metadata_filter_member,papers.code_status=official_public,16,nair2020awac,https://github.com/rail-berkeley/rlkit,Official public code URL verified at the corpus cutoff.
CE-EFF-0504,CL-EFF-018,PAPER-EFF-singh2021cog,metadata_filter_member,papers.code_status=official_public,16,singh2021cog,https://github.com/avisingh599/cog,Official public code URL verified at the corpus cutoff.
CE-EFF-0505,CL-EFF-018,PAPER-EFF-kumar2023ptr,metadata_filter_member,papers.code_status=official_public,16,kumar2023ptr,https://github.com/Asap7772/PTR,Official public code URL verified at the corpus cutoff.
CE-EFF-0506,CL-EFF-018,PAPER-EFF-nair2018rig,metadata_filter_member,papers.code_status=official_public,16,nair2018rig,https://github.com/vitchyr/rlkit,Official public code URL verified at the corpus cutoff.
CE-EFF-0507,CL-EFF-018,PAPER-EFF-chatzilygeroudis2017blackdrops,metadata_filter_member,papers.code_status=official_public,16,chatzilygeroudis2017blackdrops,https://github.com/resibots/blackdrops,Official public code URL verified at the corpus cutoff.
CE-EFF-0508,CL-EFF-018,PAPER-EFF-wurss2023locality,metadata_filter_member,papers.code_status=official_public,16,wurss2023locality,https://github.com/ikostrikov/walk_in_the_park,Official public code URL verified at the corpus cutoff.
CE-EFF-0509,CL-EFF-018,PAPER-EFF-lancaster2024modemv2,metadata_filter_member,papers.code_status=official_public,16,lancaster2024modemv2,https://github.com/facebookresearch/modemv2,Official public code URL verified at the corpus cutoff.
