claim_id,work_id,metric_family,metric_name,value,unit,denominator,comparison_baseline,physical_platform,evidence_locator,source_grade,reporting_status,interpretation_limit
QE-EFF-0001,luo2024serl,time,reported_phase_duration,20 min PCB; 31 min cable; 105 min paired relocation,as reported (minutes/hours),source-reported phase/task summary; atomic boundaries are in time_ontology.csv,NR,Franka arm,"PDF p.8 Table 2; pp.4,8",A,source_reported,Summary index only; values across phases or tasks must not be added. Time boundary is source-specific and is not automatically an end-to-end lifecycle cost. Relocation time covers two policies; full lifecycle cost not reported
QE-EFF-0002,luo2024serl,physical_interaction,physical_steps_or_transitions,NR,NR,NR,NR,Franka arm,"PDF p.8 Table 2; pp.4,8",A,not_reported,Metric is NR in the verified source audit; NR is not zero. Relocation time covers two policies; full lifecycle cost not reported
QE-EFF-0003,luo2024serl,physical_interaction,physical_episodes_or_rollouts,NR,NR,NR,NR,Franka arm,"PDF p.8 Table 2; pp.4,8",A,not_reported,Metric is NR in the verified source audit; NR is not zero. Relocation time covers two policies; full lifecycle cost not reported
QE-EFF-0004,luo2024serl,control,control_frequency,NR,NR,NR,NR,Franka arm,"PDF p.8 Table 2; pp.4,8",A,not_reported,Metric is NR in the verified source audit; NR is not zero. Relocation time covers two policies; full lifecycle cost not reported
QE-EFF-0005,luo2024serl,time,active_or_aggregate_robot_hours,NR,NR,NR,NR,Franka arm,"PDF p.8 Table 2; pp.4,8",A,not_reported,Metric is NR in the verified source audit; NR is not zero. Relocation time covers two policies; full lifecycle cost not reported
QE-EFF-0006,luo2024serl,time,elapsed_wall_clock,20; 31; 105 minutes as task/pair wall-clock,elapsed minutes/hours,"reported run or task; inclusion of setup, reset, compute, and downtime is source-specific",NR,Franka arm,"PDF p.8 Table 2; pp.4,8",A,source_reported,Time boundary is source-specific and is not automatically an end-to-end lifecycle cost. Relocation time covers two policies; full lifecycle cost not reported
QE-EFF-0007,luo2024serl,parallelism,primary_data_robot_count,1,robots,primary learner or physical data-collection fleet; helper/reset/evaluation hardware is separated in hardware_roles.csv,NR,Franka arm,"PDF p.8 Table 2; pp.4,8",A,source_reported,Elapsed speedup and aggregate robot-hours must be separated. Relocation time covers two policies; full lifecycle cost not reported
QE-EFF-0008,luo2024serl,compute,reported_compute_resource_or_duration,1× RTX 4090,hardware or compute-time as reported,"reported training job, model, or online system",NR,Franka arm,"PDF p.8 Table 2; pp.4,8",A,source_reported,Compute descriptions are not hardware-normalized and missing compute is not zero. Relocation time covers two policies; full lifecycle cost not reported
QE-EFF-0009,luo2024serl,human_input,demonstration_count,20,demonstrations/trajectories,per task or aggregate exactly as stated in value,NR,Franka arm,"PDF p.8 Table 2; pp.4,8",A,source_reported,"Demonstration count does not report collection skill, duration, discarded attempts, or labeling cost. Relocation time covers two policies; full lifecycle cost not reported"
QE-EFF-0010,luo2024serl,evaluation,evaluation_trial_count,100,trials/rollouts/windows/checkpoints,reported task or policy evaluation,NR,Franka arm,"PDF p.8 Table 2; pp.4,8",A,source_reported,Task-specific evaluation definitions and denominators limit cross-work comparison. Relocation time covers two policies; full lifecycle cost not reported
QE-EFF-0011,luo2024serl,performance,reported_success_result,100/100 on each listed task row,task-defined success/result,success definition recorded for the work,NR,Franka arm,"PDF p.8 Table 2; pp.4,8",A,source_reported,Task-specific evaluation definitions and denominators limit cross-work comparison. Relocation time covers two policies; full lifecycle cost not reported
QE-EFF-0012,luo2025hilserl,time,reported_phase_duration,1–6 h per policy,as reported (minutes/hours),source-reported phase/task summary; atomic boundaries are in time_ontology.csv,NR,Franka arms and task fixtures,"PDF p.13 Table 1; pp.15,33–49",A,source_reported,Summary index only; values across phases or tasks must not be added. Time boundary is source-specific and is not automatically an end-to-end lifecycle cost. Abstract 1–2.5 h does not cover 6 h timing-belt row; derived totals are not study totals
QE-EFF-0013,luo2025hilserl,physical_interaction,physical_steps_or_transitions,derived 438000 across appendix task rows,steps/transitions,reported physical collection or fine-tuning scope,NR,Franka arms and task fixtures,"PDF p.13 Table 1; pp.15,33–49",A,derived,Abstract 1–2.5 h does not cover 6 h timing-belt row; derived totals are not study totals
QE-EFF-0014,luo2025hilserl,physical_interaction,physical_episodes_or_rollouts,NR,NR,NR,NR,Franka arms and task fixtures,"PDF p.13 Table 1; pp.15,33–49",A,not_reported,Metric is NR in the verified source audit; NR is not zero. Abstract 1–2.5 h does not cover 6 h timing-belt row; derived totals are not study totals
QE-EFF-0015,luo2025hilserl,control,control_frequency,NR,NR,NR,NR,Franka arms and task fixtures,"PDF p.13 Table 1; pp.15,33–49",A,not_reported,Metric is NR in the verified source audit; NR is not zero. Abstract 1–2.5 h does not cover 6 h timing-belt row; derived totals are not study totals
QE-EFF-0016,luo2025hilserl,time,active_or_aggregate_robot_hours,NR,NR,NR,NR,Franka arms and task fixtures,"PDF p.13 Table 1; pp.15,33–49",A,not_reported,Metric is NR in the verified source audit; NR is not zero. Abstract 1–2.5 h does not cover 6 h timing-belt row; derived totals are not study totals
QE-EFF-0017,luo2025hilserl,time,elapsed_wall_clock,1–6 h per policy,elapsed minutes/hours,"reported run or task; inclusion of setup, reset, compute, and downtime is source-specific",NR,Franka arms and task fixtures,"PDF p.13 Table 1; pp.15,33–49",A,source_reported,Time boundary is source-specific and is not automatically an end-to-end lifecycle cost. Abstract 1–2.5 h does not cover 6 h timing-belt row; derived totals are not study totals
QE-EFF-0018,luo2025hilserl,parallelism,primary_data_robot_count,NR,NR,NR,NR,Franka arms and task fixtures,"PDF p.13 Table 1; pp.15,33–49",A,not_reported,Metric is NR in the verified source audit; NR is not zero. Abstract 1–2.5 h does not cover 6 h timing-belt row; derived totals are not study totals
QE-EFF-0019,luo2025hilserl,compute,reported_compute_resource_or_duration,NR,NR,NR,NR,Franka arms and task fixtures,"PDF p.13 Table 1; pp.15,33–49",A,not_reported,Metric is NR in the verified source audit; NR is not zero. Abstract 1–2.5 h does not cover 6 h timing-belt row; derived totals are not study totals
QE-EFF-0020,luo2025hilserl,human_input,demonstration_count,20 initial demonstrations for 11 policies; 30 for Jenga; derived 250 total,demonstrations/trajectories,per task or aggregate exactly as stated in value,NR,Franka arms and task fixtures,"PDF p.13 Table 1; pp.15,33–49",A,derived,"Demonstration count does not report collection skill, duration, discarded attempts, or labeling cost. Abstract 1–2.5 h does not cover 6 h timing-belt row; derived totals are not study totals"
QE-EFF-0021,luo2025hilserl,evaluation,evaluation_trial_count,usually 100; composite 10,trials/rollouts/windows/checkpoints,reported task or policy evaluation,NR,Franka arms and task fixtures,"PDF p.13 Table 1; pp.15,33–49",A,source_reported_approximate,Task-specific evaluation definitions and denominators limit cross-work comparison. Abstract 1–2.5 h does not cover 6 h timing-belt row; derived totals are not study totals
QE-EFF-0022,luo2025hilserl,performance,reported_success_result,100% on listed individual tasks; composite IKEA whole assembly uses 10 trials,task-defined success/result,success definition recorded for the work,NR,Franka arms and task fixtures,"PDF p.13 Table 1; pp.15,33–49",A,source_reported,Task-specific evaluation definitions and denominators limit cross-work comparison. Abstract 1–2.5 h does not cover 6 h timing-belt row; derived totals are not study totals
QE-EFF-0023,liu2026autoserl,time,reported_phase_duration,8–45 min per task,as reported (minutes/hours),source-reported phase/task summary; atomic boundaries are in time_ontology.csv,Comparator embedded in value; use the same task/protocol and inspect locator,robot manipulators; exact platforms in paper,PDF p.10 Table 1; p.12 Table 2; limitation section,B,source_reported,Summary index only; values across phases or tasks must not be added. Time boundary is source-specific and is not automatically an end-to-end lifecycle cost. Preprint; restricted failure model; no end-to-end labor accounting
QE-EFF-0024,liu2026autoserl,physical_interaction,physical_steps_or_transitions,NR,NR,NR,NR,robot manipulators; exact platforms in paper,PDF p.10 Table 1; p.12 Table 2; limitation section,B,not_reported,Metric is NR in the verified source audit; NR is not zero. Preprint; restricted failure model; no end-to-end labor accounting
QE-EFF-0025,liu2026autoserl,physical_interaction,physical_episodes_or_rollouts,NR,NR,NR,NR,robot manipulators; exact platforms in paper,PDF p.10 Table 1; p.12 Table 2; limitation section,B,not_reported,Metric is NR in the verified source audit; NR is not zero. Preprint; restricted failure model; no end-to-end labor accounting
QE-EFF-0026,liu2026autoserl,control,control_frequency,NR,NR,NR,NR,robot manipulators; exact platforms in paper,PDF p.10 Table 1; p.12 Table 2; limitation section,B,not_reported,Metric is NR in the verified source audit; NR is not zero. Preprint; restricted failure model; no end-to-end labor accounting
QE-EFF-0027,liu2026autoserl,time,active_or_aggregate_robot_hours,NR,NR,NR,NR,robot manipulators; exact platforms in paper,PDF p.10 Table 1; p.12 Table 2; limitation section,B,not_reported,Metric is NR in the verified source audit; NR is not zero. Preprint; restricted failure model; no end-to-end labor accounting
QE-EFF-0028,liu2026autoserl,time,elapsed_wall_clock,8–45 min per task,elapsed minutes/hours,"reported run or task; inclusion of setup, reset, compute, and downtime is source-specific",NR,robot manipulators; exact platforms in paper,PDF p.10 Table 1; p.12 Table 2; limitation section,B,source_reported,Time boundary is source-specific and is not automatically an end-to-end lifecycle cost. Preprint; restricted failure model; no end-to-end labor accounting
QE-EFF-0029,liu2026autoserl,parallelism,primary_data_robot_count,NR,NR,NR,NR,robot manipulators; exact platforms in paper,PDF p.10 Table 1; p.12 Table 2; limitation section,B,not_reported,Metric is NR in the verified source audit; NR is not zero. Preprint; restricted failure model; no end-to-end labor accounting
QE-EFF-0030,liu2026autoserl,compute,reported_compute_resource_or_duration,NR,NR,NR,NR,robot manipulators; exact platforms in paper,PDF p.10 Table 1; p.12 Table 2; limitation section,B,not_reported,Metric is NR in the verified source audit; NR is not zero. Preprint; restricted failure model; no end-to-end labor accounting
QE-EFF-0031,liu2026autoserl,human_input,demonstration_count,1,demonstrations/trajectories,per task or aggregate exactly as stated in value,NR,robot manipulators; exact platforms in paper,PDF p.10 Table 1; p.12 Table 2; limitation section,B,source_reported,"Demonstration count does not report collection skill, duration, discarded attempts, or labeling cost. Preprint; restricted failure model; no end-to-end labor accounting"
QE-EFF-0032,liu2026autoserl,evaluation,evaluation_trial_count,50,trials/rollouts/windows/checkpoints,reported task or policy evaluation,NR,robot manipulators; exact platforms in paper,PDF p.10 Table 1; p.12 Table 2; limitation section,B,source_reported,Task-specific evaluation definitions and denominators limit cross-work comparison. Preprint; restricted failure model; no end-to-end labor accounting
QE-EFF-0033,liu2026autoserl,performance,reported_success_result,50/50 for all six tasks,task-defined success/result,success definition recorded for the work,NR,robot manipulators; exact platforms in paper,PDF p.10 Table 1; p.12 Table 2; limitation section,B,source_reported,Task-specific evaluation definitions and denominators limit cross-work comparison. Preprint; restricted failure model; no end-to-end labor accounting
QE-EFF-0034,walke2023ariel,time,reported_phase_duration,100 trials≈1.5 h for four demo-assisted tasks; 600 trials≈9 h for three direct-transfer tasks,as reported (minutes/hours),source-reported phase/task summary; atomic boundaries are in time_ontology.csv,NR,three real-robot manipulation domains,Main PDF pp.6–7; supplement p.14 Table 5,A,source_reported_approximate,Summary index only; values across phases or tasks must not be added. Time boundary is source-specific and is not automatically an end-to-end lifecycle cost. Inherited corpus totals are derived; method is mostly rather than fully autonomous
QE-EFF-0035,walke2023ariel,physical_interaction,physical_steps_or_transitions,derived 361000 inherited transitions,steps/transitions,reported physical collection or fine-tuning scope,NR,three real-robot manipulation domains,Main PDF pp.6–7; supplement p.14 Table 5,A,derived,Inherited corpus totals are derived; method is mostly rather than fully autonomous
QE-EFF-0036,walke2023ariel,physical_interaction,physical_episodes_or_rollouts,100 or 600,episodes/rollouts/attempts,"reported physical collection, controller tests, or task run",NR,three real-robot manipulation domains,Main PDF pp.6–7; supplement p.14 Table 5,A,source_reported,Inherited corpus totals are derived; method is mostly rather than fully autonomous
QE-EFF-0037,walke2023ariel,control,control_frequency,NR,NR,NR,NR,three real-robot manipulation domains,Main PDF pp.6–7; supplement p.14 Table 5,A,not_reported,Metric is NR in the verified source audit; NR is not zero. Inherited corpus totals are derived; method is mostly rather than fully autonomous
QE-EFF-0038,walke2023ariel,time,active_or_aggregate_robot_hours,"derived inherited corpus, not new-task hours",robot-hours,reported physical interaction or corpus-collection scope,NR,three real-robot manipulation domains,Main PDF pp.6–7; supplement p.14 Table 5,A,derived,Time boundary is source-specific and is not automatically an end-to-end lifecycle cost. Inherited corpus totals are derived; method is mostly rather than fully autonomous
QE-EFF-0039,walke2023ariel,time,elapsed_wall_clock,1.5 or 9 h new-task checkpoints,elapsed minutes/hours,"reported run or task; inclusion of setup, reset, compute, and downtime is source-specific",NR,three real-robot manipulation domains,Main PDF pp.6–7; supplement p.14 Table 5,A,source_reported,Time boundary is source-specific and is not automatically an end-to-end lifecycle cost. Inherited corpus totals are derived; method is mostly rather than fully autonomous
QE-EFF-0040,walke2023ariel,parallelism,primary_data_robot_count,1,robots,primary learner or physical data-collection fleet; helper/reset/evaluation hardware is separated in hardware_roles.csv,NR,three real-robot manipulation domains,Main PDF pp.6–7; supplement p.14 Table 5,A,source_reported,Elapsed speedup and aggregate robot-hours must be separated. Inherited corpus totals are derived; method is mostly rather than fully autonomous
QE-EFF-0041,walke2023ariel,compute,reported_compute_resource_or_duration,NR,NR,NR,NR,three real-robot manipulation domains,Main PDF pp.6–7; supplement p.14 Table 5,A,not_reported,Metric is NR in the verified source audit; NR is not zero. Inherited corpus totals are derived; method is mostly rather than fully autonomous
QE-EFF-0042,walke2023ariel,human_input,demonstration_count,about 40 for demonstration-assisted setting,demonstrations/trajectories,per task or aggregate exactly as stated in value,NR,three real-robot manipulation domains,Main PDF pp.6–7; supplement p.14 Table 5,A,source_reported_approximate,"Demonstration count does not report collection skill, duration, discarded attempts, or labeling cost. Inherited corpus totals are derived; method is mostly rather than fully autonomous"
QE-EFF-0043,walke2023ariel,evaluation,evaluation_trial_count,NR,NR,NR,NR,three real-robot manipulation domains,Main PDF pp.6–7; supplement p.14 Table 5,A,not_reported,Metric is NR in the verified source audit; NR is not zero. Inherited corpus totals are derived; method is mostly rather than fully autonomous
QE-EFF-0044,walke2023ariel,performance,reported_success_result,task-specific results in paper,task-defined success/result,success definition recorded for the work,NR,three real-robot manipulation domains,Main PDF pp.6–7; supplement p.14 Table 5,A,source_reported,Task-specific evaluation definitions and denominators limit cross-work comparison. Inherited corpus totals are derived; method is mostly rather than fully autonomous
QE-EFF-0045,sun2022relmm,time,reported_phase_duration,about 25–50 h per environment run; headline approximately 40–60 h,as reported (minutes/hours),source-reported phase/task summary; atomic boundaries are in time_ontology.csv,NR,mobile manipulator,"PDF pp.1–2,5–6; Table 1",A,source_reported_approximate,Summary index only; values across phases or tasks must not be added. Time boundary is source-specific and is not automatically an end-to-end lifecycle cost. Pseudo-reset does not restore a fixed initial state; autonomy depends on curriculum
QE-EFF-0046,sun2022relmm,physical_interaction,physical_steps_or_transitions,NR,NR,NR,NR,mobile manipulator,"PDF pp.1–2,5–6; Table 1",A,not_reported,Metric is NR in the verified source audit; NR is not zero. Pseudo-reset does not restore a fixed initial state; autonomy depends on curriculum
QE-EFF-0047,sun2022relmm,physical_interaction,physical_episodes_or_rollouts,NR,NR,NR,NR,mobile manipulator,"PDF pp.1–2,5–6; Table 1",A,not_reported,Metric is NR in the verified source audit; NR is not zero. Pseudo-reset does not restore a fixed initial state; autonomy depends on curriculum
QE-EFF-0048,sun2022relmm,control,control_frequency,NR,NR,NR,NR,mobile manipulator,"PDF pp.1–2,5–6; Table 1",A,not_reported,Metric is NR in the verified source audit; NR is not zero. Pseudo-reset does not restore a fixed initial state; autonomy depends on curriculum
QE-EFF-0049,sun2022relmm,time,active_or_aggregate_robot_hours,25–50 h per run; 40–60 h headline,robot-hours,reported physical interaction or corpus-collection scope,NR,mobile manipulator,"PDF pp.1–2,5–6; Table 1",A,source_reported,Time boundary is source-specific and is not automatically an end-to-end lifecycle cost. Pseudo-reset does not restore a fixed initial state; autonomy depends on curriculum
QE-EFF-0050,sun2022relmm,time,elapsed_wall_clock,same as robot interaction within disclosed maintenance,elapsed minutes/hours,"reported run or task; inclusion of setup, reset, compute, and downtime is source-specific",NR,mobile manipulator,"PDF pp.1–2,5–6; Table 1",A,source_reported,Time boundary is source-specific and is not automatically an end-to-end lifecycle cost. Pseudo-reset does not restore a fixed initial state; autonomy depends on curriculum
QE-EFF-0051,sun2022relmm,parallelism,primary_data_robot_count,1,robots,primary learner or physical data-collection fleet; helper/reset/evaluation hardware is separated in hardware_roles.csv,NR,mobile manipulator,"PDF pp.1–2,5–6; Table 1",A,source_reported,Elapsed speedup and aggregate robot-hours must be separated. Pseudo-reset does not restore a fixed initial state; autonomy depends on curriculum
QE-EFF-0052,sun2022relmm,compute,reported_compute_resource_or_duration,NR,NR,NR,NR,mobile manipulator,"PDF pp.1–2,5–6; Table 1",A,not_reported,Metric is NR in the verified source audit; NR is not zero. Pseudo-reset does not restore a fixed initial state; autonomy depends on curriculum
QE-EFF-0053,sun2022relmm,human_input,demonstration_count,0,demonstrations/trajectories,per task or aggregate exactly as stated in value,NR,mobile manipulator,"PDF pp.1–2,5–6; Table 1",A,source_reported,"Demonstration count does not report collection skill, duration, discarded attempts, or labeling cost. Pseudo-reset does not restore a fixed initial state; autonomy depends on curriculum"
QE-EFF-0054,sun2022relmm,evaluation,evaluation_trial_count,3 evaluation windows,trials/rollouts/windows/checkpoints,reported task or policy evaluation,NR,mobile manipulator,"PDF pp.1–2,5–6; Table 1",A,source_reported,Task-specific evaluation definitions and denominators limit cross-work comparison. Pseudo-reset does not restore a fixed initial state; autonomy depends on curriculum
QE-EFF-0055,sun2022relmm,performance,reported_success_result,task-specific mean±SD in Table 1,task-defined success/result,success definition recorded for the work,NR,mobile manipulator,"PDF pp.1–2,5–6; Table 1",A,source_reported,Task-specific evaluation definitions and denominators limit cross-work comparison. Pseudo-reset does not restore a fixed initial state; autonomy depends on curriculum
QE-EFF-0056,hu2023reboot,time,reported_phase_duration,6 h versus >10 h; 6 versus 13 h; 5 h versus ≥16 h comparison,as reported (minutes/hours),source-reported phase/task summary; atomic boundaries are in time_ontology.csv,Comparator embedded in value; use the same task/protocol and inspect locator,custom dexterous hand/camera system,PDF pp.7–8; appendix E/F p.20,A,source_reported_approximate,Summary index only; values across phases or tasks must not be added. Time boundary is source-specific and is not automatically an end-to-end lifecycle cost. Online loop autonomy begins after substantial setup; reset reliability is imperfect
QE-EFF-0057,hu2023reboot,physical_interaction,physical_steps_or_transitions,NR,NR,NR,NR,custom dexterous hand/camera system,PDF pp.7–8; appendix E/F p.20,A,not_reported,Metric is NR in the verified source audit; NR is not zero. Online loop autonomy begins after substantial setup; reset reliability is imperfect
QE-EFF-0058,hu2023reboot,physical_interaction,physical_episodes_or_rollouts,NR,NR,NR,NR,custom dexterous hand/camera system,PDF pp.7–8; appendix E/F p.20,A,not_reported,Metric is NR in the verified source audit; NR is not zero. Online loop autonomy begins after substantial setup; reset reliability is imperfect
QE-EFF-0059,hu2023reboot,control,control_frequency,NR,NR,NR,NR,custom dexterous hand/camera system,PDF pp.7–8; appendix E/F p.20,A,not_reported,Metric is NR in the verified source audit; NR is not zero. Online loop autonomy begins after substantial setup; reset reliability is imperfect
QE-EFF-0060,hu2023reboot,time,active_or_aggregate_robot_hours,NR,NR,NR,NR,custom dexterous hand/camera system,PDF pp.7–8; appendix E/F p.20,A,not_reported,Metric is NR in the verified source audit; NR is not zero. Online loop autonomy begins after substantial setup; reset reliability is imperfect
QE-EFF-0061,hu2023reboot,time,elapsed_wall_clock,5–6 h method runs in cited comparisons,elapsed minutes/hours,"reported run or task; inclusion of setup, reset, compute, and downtime is source-specific",NR,custom dexterous hand/camera system,PDF pp.7–8; appendix E/F p.20,A,source_reported,Time boundary is source-specific and is not automatically an end-to-end lifecycle cost. Online loop autonomy begins after substantial setup; reset reliability is imperfect
QE-EFF-0062,hu2023reboot,parallelism,primary_data_robot_count,1,robots,primary learner or physical data-collection fleet; helper/reset/evaluation hardware is separated in hardware_roles.csv,NR,custom dexterous hand/camera system,PDF pp.7–8; appendix E/F p.20,A,source_reported,Elapsed speedup and aggregate robot-hours must be separated. Online loop autonomy begins after substantial setup; reset reliability is imperfect
QE-EFF-0063,hu2023reboot,compute,reported_compute_resource_or_duration,NR,NR,NR,NR,custom dexterous hand/camera system,PDF pp.7–8; appendix E/F p.20,A,not_reported,Metric is NR in the verified source audit; NR is not zero. Online loop autonomy begins after substantial setup; reset reliability is imperfect
QE-EFF-0064,hu2023reboot,human_input,demonstration_count,0 task demonstrations; 220 reset demonstrations derived across objects,demonstrations/trajectories,per task or aggregate exactly as stated in value,NR,custom dexterous hand/camera system,PDF pp.7–8; appendix E/F p.20,A,derived,"Demonstration count does not report collection skill, duration, discarded attempts, or labeling cost. Online loop autonomy begins after substantial setup; reset reliability is imperfect"
QE-EFF-0065,hu2023reboot,evaluation,evaluation_trial_count,NR,NR,NR,NR,custom dexterous hand/camera system,PDF pp.7–8; appendix E/F p.20,A,not_reported,Metric is NR in the verified source audit; NR is not zero. Online loop autonomy begins after substantial setup; reset reliability is imperfect
QE-EFF-0066,hu2023reboot,performance,reported_success_result,6 h to comparable 80%; 6 h to 60%; 5 h to 30% on listed comparisons,task-defined success/result,success definition recorded for the work,NR,custom dexterous hand/camera system,PDF pp.7–8; appendix E/F p.20,A,source_reported,Task-specific evaluation definitions and denominators limit cross-work comparison. Online loop autonomy begins after substantial setup; reset reliability is imperfect
QE-EFF-0067,mendonca2025continuous,time,reported_phase_duration,8–15 h per robot training run,as reported (minutes/hours),source-reported phase/task summary; atomic boundaries are in time_ontology.csv,NR,Boston Dynamics Spot; second Spot on sweeping,"PDF pp.4,7–8,16",A,source_reported,"Summary index only; values across phases or tasks must not be added. Time boundary is source-specific and is not automatically an end-to-end lifecycle cost. 8–15 h is per run, not total study budget; trial denominator NR"
QE-EFF-0068,mendonca2025continuous,physical_interaction,physical_steps_or_transitions,NR,NR,NR,NR,Boston Dynamics Spot; second Spot on sweeping,"PDF pp.4,7–8,16",A,not_reported,"Metric is NR in the verified source audit; NR is not zero. 8–15 h is per run, not total study budget; trial denominator NR"
QE-EFF-0069,mendonca2025continuous,physical_interaction,physical_episodes_or_rollouts,NR,NR,NR,NR,Boston Dynamics Spot; second Spot on sweeping,"PDF pp.4,7–8,16",A,not_reported,"Metric is NR in the verified source audit; NR is not zero. 8–15 h is per run, not total study budget; trial denominator NR"
QE-EFF-0070,mendonca2025continuous,control,control_frequency,NR,NR,NR,NR,Boston Dynamics Spot; second Spot on sweeping,"PDF pp.4,7–8,16",A,not_reported,"Metric is NR in the verified source audit; NR is not zero. 8–15 h is per run, not total study budget; trial denominator NR"
QE-EFF-0071,mendonca2025continuous,time,active_or_aggregate_robot_hours,8–15 h per run,robot-hours,reported physical interaction or corpus-collection scope,NR,Boston Dynamics Spot; second Spot on sweeping,"PDF pp.4,7–8,16",A,source_reported,"Time boundary is source-specific and is not automatically an end-to-end lifecycle cost. 8–15 h is per run, not total study budget; trial denominator NR"
QE-EFF-0072,mendonca2025continuous,time,elapsed_wall_clock,8–15 h per run,elapsed minutes/hours,"reported run or task; inclusion of setup, reset, compute, and downtime is source-specific",NR,Boston Dynamics Spot; second Spot on sweeping,"PDF pp.4,7–8,16",A,source_reported,"Time boundary is source-specific and is not automatically an end-to-end lifecycle cost. 8–15 h is per run, not total study budget; trial denominator NR"
QE-EFF-0073,mendonca2025continuous,parallelism,primary_data_robot_count,1,learner robot,primary learner or physical data-collection fleet; helper/reset/evaluation hardware is separated in hardware_roles.csv,one additional helper/reset robot is recorded separately,Boston Dynamics Spot; second Spot on sweeping,"PDF pp.4,7–8,16",A,source_reported,Primary learner count is one; peak system hardware is two robots because a second robot resets the sweeping object.
QE-EFF-0074,mendonca2025continuous,compute,reported_compute_resource_or_duration,local A5000; cloud A100,hardware or compute-time as reported,"reported training job, model, or online system",NR,Boston Dynamics Spot; second Spot on sweeping,"PDF pp.4,7–8,16",A,source_reported,"Compute descriptions are not hardware-normalized and missing compute is not zero. 8–15 h is per run, not total study budget; trial denominator NR"
QE-EFF-0075,mendonca2025continuous,human_input,demonstration_count,0,demonstrations/trajectories,per task or aggregate exactly as stated in value,NR,Boston Dynamics Spot; second Spot on sweeping,"PDF pp.4,7–8,16",A,source_reported,"Demonstration count does not report collection skill, duration, discarded attempts, or labeling cost. 8–15 h is per run, not total study budget; trial denominator NR"
QE-EFF-0076,mendonca2025continuous,evaluation,evaluation_trial_count,NR,NR,NR,NR,Boston Dynamics Spot; second Spot on sweeping,"PDF pp.4,7–8,16",A,not_reported,"Metric is NR in the verified source audit; NR is not zero. 8–15 h is per run, not total study budget; trial denominator NR"
QE-EFF-0077,mendonca2025continuous,performance,reported_success_result,"100%, 80%, 60%, 80%; 80% unweighted average",task-defined success/result,success definition recorded for the work,NR,Boston Dynamics Spot; second Spot on sweeping,"PDF pp.4,7–8,16",A,source_reported,"Task-specific evaluation definitions and denominators limit cross-work comparison. 8–15 h is per run, not total study budget; trial denominator NR"
QE-EFF-0078,stachowicz2023fastrlap,time,reported_phase_duration,typically <20 min and as little as 5 min; figures extend to 30–40 min,as reported (minutes/hours),source-reported phase/task summary; atomic boundaries are in time_ontology.csv,NR,small autonomous ground vehicle,"PDF pp.2–7,10; p.14 Table 4",A,source_reported_approximate,Summary index only; values across phases or tasks must not be added. Time boundary is source-specific and is not automatically an end-to-end lifecycle cost. Headline under-20-minute claim must be kept beside longer plot horizon
QE-EFF-0079,stachowicz2023fastrlap,physical_interaction,physical_steps_or_transitions,NR,NR,NR,NR,small autonomous ground vehicle,"PDF pp.2–7,10; p.14 Table 4",A,not_reported,Metric is NR in the verified source audit; NR is not zero. Headline under-20-minute claim must be kept beside longer plot horizon
QE-EFF-0080,stachowicz2023fastrlap,physical_interaction,physical_episodes_or_rollouts,NR,NR,NR,NR,small autonomous ground vehicle,"PDF pp.2–7,10; p.14 Table 4",A,not_reported,Metric is NR in the verified source audit; NR is not zero. Headline under-20-minute claim must be kept beside longer plot horizon
QE-EFF-0081,stachowicz2023fastrlap,control,control_frequency,NR,NR,NR,NR,small autonomous ground vehicle,"PDF pp.2–7,10; p.14 Table 4",A,not_reported,Metric is NR in the verified source audit; NR is not zero. Headline under-20-minute claim must be kept beside longer plot horizon
QE-EFF-0082,stachowicz2023fastrlap,time,active_or_aggregate_robot_hours,NR,NR,NR,NR,small autonomous ground vehicle,"PDF pp.2–7,10; p.14 Table 4",A,not_reported,Metric is NR in the verified source audit; NR is not zero. Headline under-20-minute claim must be kept beside longer plot horizon
QE-EFF-0083,stachowicz2023fastrlap,time,elapsed_wall_clock,5–40 min depending claim/plot,elapsed minutes/hours,"reported run or task; inclusion of setup, reset, compute, and downtime is source-specific",NR,small autonomous ground vehicle,"PDF pp.2–7,10; p.14 Table 4",A,source_reported,Time boundary is source-specific and is not automatically an end-to-end lifecycle cost. Headline under-20-minute claim must be kept beside longer plot horizon
QE-EFF-0084,stachowicz2023fastrlap,parallelism,primary_data_robot_count,1,robots,primary learner or physical data-collection fleet; helper/reset/evaluation hardware is separated in hardware_roles.csv,NR,small autonomous ground vehicle,"PDF pp.2–7,10; p.14 Table 4",A,source_reported,Elapsed speedup and aggregate robot-hours must be separated. Headline under-20-minute claim must be kept beside longer plot horizon
QE-EFF-0085,stachowicz2023fastrlap,compute,reported_compute_resource_or_duration,NR,NR,NR,NR,small autonomous ground vehicle,"PDF pp.2–7,10; p.14 Table 4",A,not_reported,Metric is NR in the verified source audit; NR is not zero. Headline under-20-minute claim must be kept beside longer plot horizon
QE-EFF-0086,stachowicz2023fastrlap,human_input,demonstration_count,"one manually driven slow lap, usually <1 min",demonstrations/trajectories,per task or aggregate exactly as stated in value,NR,small autonomous ground vehicle,"PDF pp.2–7,10; p.14 Table 4",A,source_reported_approximate,"Demonstration count does not report collection skill, duration, discarded attempts, or labeling cost. Headline under-20-minute claim must be kept beside longer plot horizon"
QE-EFF-0087,stachowicz2023fastrlap,evaluation,evaluation_trial_count,NR,NR,NR,NR,small autonomous ground vehicle,"PDF pp.2–7,10; p.14 Table 4",A,not_reported,Metric is NR in the verified source audit; NR is not zero. Headline under-20-minute claim must be kept beside longer plot horizon
QE-EFF-0088,stachowicz2023fastrlap,performance,reported_success_result,two courses approach human performance after 30 min,task-defined success/result,success definition recorded for the work,NR,small autonomous ground vehicle,"PDF pp.2–7,10; p.14 Table 4",A,source_reported,Task-specific evaluation definitions and denominators limit cross-work comparison. Headline under-20-minute claim must be kept beside longer plot horizon
QE-EFF-0089,hu2025robottrainsrobot,time,reported_phase_duration,20 min walking; 15 min swing-up headline,as reported (minutes/hours),source-reported phase/task summary; atomic boundaries are in time_ontology.csv,NR,"ToddlerBot plus UR5 teacher, ATI Mini45 and optional treadmill","PDF pp.2,6",A,source_reported,Summary index only; values across phases or tasks must not be added. Time boundary is source-specific and is not automatically an end-to-end lifecycle cost. Unclear whether 15 min includes all three swing-up stages; operator monitoring NR
QE-EFF-0090,hu2025robottrainsrobot,physical_interaction,physical_steps_or_transitions,50000 suboptimal transitions for swing-up pretraining stage,steps/transitions,reported physical collection or fine-tuning scope,NR,"ToddlerBot plus UR5 teacher, ATI Mini45 and optional treadmill","PDF pp.2,6",A,source_reported,Unclear whether 15 min includes all three swing-up stages; operator monitoring NR
QE-EFF-0091,hu2025robottrainsrobot,physical_interaction,physical_episodes_or_rollouts,NR,NR,NR,NR,"ToddlerBot plus UR5 teacher, ATI Mini45 and optional treadmill","PDF pp.2,6",A,not_reported,Metric is NR in the verified source audit; NR is not zero. Unclear whether 15 min includes all three swing-up stages; operator monitoring NR
QE-EFF-0092,hu2025robottrainsrobot,control,control_frequency,NR,NR,NR,NR,"ToddlerBot plus UR5 teacher, ATI Mini45 and optional treadmill","PDF pp.2,6",A,not_reported,Metric is NR in the verified source audit; NR is not zero. Unclear whether 15 min includes all three swing-up stages; operator monitoring NR
QE-EFF-0093,hu2025robottrainsrobot,time,active_or_aggregate_robot_hours,NR,NR,NR,NR,"ToddlerBot plus UR5 teacher, ATI Mini45 and optional treadmill","PDF pp.2,6",A,not_reported,Metric is NR in the verified source audit; NR is not zero. Unclear whether 15 min includes all three swing-up stages; operator monitoring NR
QE-EFF-0094,hu2025robottrainsrobot,time,elapsed_wall_clock,20 and 15 min headline,elapsed minutes/hours,"reported run or task; inclusion of setup, reset, compute, and downtime is source-specific",NR,"ToddlerBot plus UR5 teacher, ATI Mini45 and optional treadmill","PDF pp.2,6",A,source_reported,Time boundary is source-specific and is not automatically an end-to-end lifecycle cost. Unclear whether 15 min includes all three swing-up stages; operator monitoring NR
QE-EFF-0095,hu2025robottrainsrobot,parallelism,primary_data_robot_count,1,robots,primary learner or physical data-collection fleet; helper/reset/evaluation hardware is separated in hardware_roles.csv,NR,"ToddlerBot plus UR5 teacher, ATI Mini45 and optional treadmill","PDF pp.2,6",A,source_reported,Elapsed speedup and aggregate robot-hours must be separated. Unclear whether 15 min includes all three swing-up stages; operator monitoring NR
QE-EFF-0096,hu2025robottrainsrobot,compute,reported_compute_resource_or_duration,learning workstation,hardware description,learner compute configuration,NR,"ToddlerBot plus UR5 teacher, ATI Mini45 and optional treadmill","PDF pp.2,6",A,source_reported,Compute descriptions are not hardware-normalized and missing compute is not zero. Unclear whether 15 min includes all three swing-up stages; operator monitoring NR
QE-EFF-0097,hu2025robottrainsrobot,human_input,demonstration_count,0,demonstrations/trajectories,per task or aggregate exactly as stated in value,NR,"ToddlerBot plus UR5 teacher, ATI Mini45 and optional treadmill","PDF pp.2,6",A,source_reported,"Demonstration count does not report collection skill, duration, discarded attempts, or labeling cost. Unclear whether 15 min includes all three swing-up stages; operator monitoring NR"
QE-EFF-0098,hu2025robottrainsrobot,evaluation,evaluation_trial_count,NR,NR,NR,NR,"ToddlerBot plus UR5 teacher, ATI Mini45 and optional treadmill","PDF pp.2,6",A,not_reported,Metric is NR in the verified source audit; NR is not zero. Unclear whether 15 min includes all three swing-up stages; operator monitoring NR
QE-EFF-0099,hu2025robottrainsrobot,performance,reported_success_result,headline successful adaptation; exact endpoint by plot,task-defined success/result,success definition recorded for the work,NR,"ToddlerBot plus UR5 teacher, ATI Mini45 and optional treadmill","PDF pp.2,6",A,source_reported,Task-specific evaluation definitions and denominators limit cross-work comparison. Unclear whether 15 min includes all three swing-up stages; operator monitoring NR
QE-EFF-0100,sharma2026worldgymnast,time,reported_phase_duration,main RL 1–2 days in model; optional ~100 real trajectories/task,as reported (minutes/hours),source-reported phase/task summary; atomic boundaries are in time_ontology.csv,NR,AutoEval robot setup,"PDF pp.4–7,15–16; appendix A.4 Table 5",B,source_reported_approximate,Summary index only; values across phases or tasks must not be added. Time boundary is source-specific and is not automatically an end-to-end lifecycle cost. Main experiment is not online physical RL; total inherited data collection is not reported
QE-EFF-0101,sharma2026worldgymnast,physical_interaction,physical_steps_or_transitions,NR,NR,NR,NR,AutoEval robot setup,"PDF pp.4–7,15–16; appendix A.4 Table 5",B,not_reported,Metric is NR in the verified source audit; NR is not zero. Main experiment is not online physical RL; total inherited data collection is not reported
QE-EFF-0102,sharma2026worldgymnast,physical_interaction,physical_episodes_or_rollouts,~100 real trajectories/task in optional Dyna experiment,episodes/rollouts/attempts,"reported physical collection, controller tests, or task run",NR,AutoEval robot setup,"PDF pp.4–7,15–16; appendix A.4 Table 5",B,source_reported_approximate,Main experiment is not online physical RL; total inherited data collection is not reported
QE-EFF-0103,sharma2026worldgymnast,control,control_frequency,NR,NR,NR,NR,AutoEval robot setup,"PDF pp.4–7,15–16; appendix A.4 Table 5",B,not_reported,Metric is NR in the verified source audit; NR is not zero. Main experiment is not online physical RL; total inherited data collection is not reported
QE-EFF-0104,sharma2026worldgymnast,time,active_or_aggregate_robot_hours,NR,NR,NR,NR,AutoEval robot setup,"PDF pp.4–7,15–16; appendix A.4 Table 5",B,not_reported,Metric is NR in the verified source audit; NR is not zero. Main experiment is not online physical RL; total inherited data collection is not reported
QE-EFF-0105,sharma2026worldgymnast,time,elapsed_wall_clock,24–48 h compute for full-parameter RL,elapsed minutes/hours,"reported run or task; inclusion of setup, reset, compute, and downtime is source-specific",NR,AutoEval robot setup,"PDF pp.4–7,15–16; appendix A.4 Table 5",B,source_reported,Time boundary is source-specific and is not automatically an end-to-end lifecycle cost. Main experiment is not online physical RL; total inherited data collection is not reported
QE-EFF-0106,sharma2026worldgymnast,parallelism,primary_data_robot_count,NR,NR,NR,NR,AutoEval robot setup,"PDF pp.4–7,15–16; appendix A.4 Table 5",B,not_reported,The paper names real evaluation hardware but gives no numeric primary physical actor count for the in-model training result. NR is not zero.
QE-EFF-0107,sharma2026worldgymnast,compute,reported_compute_resource_or_duration,4×H200 140GB for RL; 2×A100 80GB and 580k world-model steps,hardware or compute-time as reported,"reported training job, model, or online system",NR,AutoEval robot setup,"PDF pp.4–7,15–16; appendix A.4 Table 5",B,source_reported,Compute descriptions are not hardware-normalized and missing compute is not zero. Main experiment is not online physical RL; total inherited data collection is not reported
QE-EFF-0108,sharma2026worldgymnast,human_input,demonstration_count,BridgeData/OpenVLA expert data; optional real trajectories,demonstrations/trajectories,per task or aggregate exactly as stated in value,NR,AutoEval robot setup,"PDF pp.4–7,15–16; appendix A.4 Table 5",B,source_reported,"Demonstration count does not report collection skill, duration, discarded attempts, or labeling cost. Main experiment is not online physical RL; total inherited data collection is not reported"
QE-EFF-0109,sharma2026worldgymnast,evaluation,evaluation_trial_count,10 trials repeated 5 times per policy-task,trials/rollouts/windows/checkpoints,reported task or policy evaluation,NR,AutoEval robot setup,"PDF pp.4–7,15–16; appendix A.4 Table 5",B,source_reported,Task-specific evaluation definitions and denominators limit cross-work comparison. Main experiment is not online physical RL; total inherited data collection is not reported
QE-EFF-0110,sharma2026worldgymnast,performance,reported_success_result,task-specific results in Tables 1–2,task-defined success/result,success definition recorded for the work,NR,AutoEval robot setup,"PDF pp.4–7,15–16; appendix A.4 Table 5",B,source_reported,Task-specific evaluation definitions and denominators limit cross-work comparison. Main experiment is not online physical RL; total inherited data collection is not reported
QE-EFF-0111,zhao2025silri,time,reported_phase_duration,40–65 min per task,as reported (minutes/hours),source-reported phase/task summary; atomic boundaries are in time_ontology.csv,NR,UR5 and Franka in arXiv v1,"PDF pp.5,7,9–10,13 Table II",B,source_reported,Summary index only; values across phases or tasks must not be added. Time boundary is source-specific and is not automatically an end-to-end lifecycle cost. Operator-minutes/event counts absent; project page and arXiv v1 scope differ
QE-EFF-0112,zhao2025silri,physical_interaction,physical_steps_or_transitions,NR,NR,NR,NR,UR5 and Franka in arXiv v1,"PDF pp.5,7,9–10,13 Table II",B,not_reported,Metric is NR in the verified source audit; NR is not zero. Operator-minutes/event counts absent; project page and arXiv v1 scope differ
QE-EFF-0113,zhao2025silri,physical_interaction,physical_episodes_or_rollouts,NR,NR,NR,NR,UR5 and Franka in arXiv v1,"PDF pp.5,7,9–10,13 Table II",B,not_reported,Metric is NR in the verified source audit; NR is not zero. Operator-minutes/event counts absent; project page and arXiv v1 scope differ
QE-EFF-0114,zhao2025silri,control,control_frequency,NR,NR,NR,NR,UR5 and Franka in arXiv v1,"PDF pp.5,7,9–10,13 Table II",B,not_reported,Metric is NR in the verified source audit; NR is not zero. Operator-minutes/event counts absent; project page and arXiv v1 scope differ
QE-EFF-0115,zhao2025silri,time,active_or_aggregate_robot_hours,NR,NR,NR,NR,UR5 and Franka in arXiv v1,"PDF pp.5,7,9–10,13 Table II",B,not_reported,Metric is NR in the verified source audit; NR is not zero. Operator-minutes/event counts absent; project page and arXiv v1 scope differ
QE-EFF-0116,zhao2025silri,time,elapsed_wall_clock,40–65 min per task,elapsed minutes/hours,"reported run or task; inclusion of setup, reset, compute, and downtime is source-specific",NR,UR5 and Franka in arXiv v1,"PDF pp.5,7,9–10,13 Table II",B,source_reported,Time boundary is source-specific and is not automatically an end-to-end lifecycle cost. Operator-minutes/event counts absent; project page and arXiv v1 scope differ
QE-EFF-0117,zhao2025silri,parallelism,primary_data_robot_count,1,robots,primary learner or physical data-collection fleet; helper/reset/evaluation hardware is separated in hardware_roles.csv,NR,UR5 and Franka in arXiv v1,"PDF pp.5,7,9–10,13 Table II",B,source_reported,Elapsed speedup and aggregate robot-hours must be separated. Operator-minutes/event counts absent; project page and arXiv v1 scope differ
QE-EFF-0118,zhao2025silri,compute,reported_compute_resource_or_duration,NR,NR,NR,NR,UR5 and Franka in arXiv v1,"PDF pp.5,7,9–10,13 Table II",B,not_reported,Metric is NR in the verified source audit; NR is not zero. Operator-minutes/event counts absent; project page and arXiv v1 scope differ
QE-EFF-0119,zhao2025silri,human_input,demonstration_count,20,demonstrations/trajectories,per task or aggregate exactly as stated in value,NR,UR5 and Franka in arXiv v1,"PDF pp.5,7,9–10,13 Table II",B,source_reported,"Demonstration count does not report collection skill, duration, discarded attempts, or labeling cost. Operator-minutes/event counts absent; project page and arXiv v1 scope differ"
QE-EFF-0120,zhao2025silri,evaluation,evaluation_trial_count,15,trials/rollouts/windows/checkpoints,reported task or policy evaluation,NR,UR5 and Franka in arXiv v1,"PDF pp.5,7,9–10,13 Table II",B,source_reported,Task-specific evaluation definitions and denominators limit cross-work comparison. Operator-minutes/event counts absent; project page and arXiv v1 scope differ
QE-EFF-0121,zhao2025silri,performance,reported_success_result,disturbance 0.93/0.47/0.53/0.80; original 1.00/0.67/1.00/0.87 on four tasks,task-defined success/result,success definition recorded for the work,NR,UR5 and Franka in arXiv v1,"PDF pp.5,7,9–10,13 Table II",B,source_reported,Task-specific evaluation definitions and denominators limit cross-work comparison. Operator-minutes/event counts absent; project page and arXiv v1 scope differ
QE-EFF-0122,yin2026playworld,time,reported_phase_duration,up to 8 h continuous collection; 30 h total play; world model 2 days,as reported (minutes/hours),source-reported phase/task summary; atomic boundaries are in time_ontology.csv,NR,DROID hardware setup,"PDF pp.2,4–7,10,23",B,source_reported,Summary index only; values across phases or tasks must not be added. Time boundary is source-specific and is not automatically an end-to-end lifecycle cost. No method-specific code; end-to-end cost and reset metrics NR
QE-EFF-0123,yin2026playworld,physical_interaction,physical_steps_or_transitions,NR,NR,NR,NR,DROID hardware setup,"PDF pp.2,4–7,10,23",B,not_reported,Metric is NR in the verified source audit; NR is not zero. No method-specific code; end-to-end cost and reset metrics NR
QE-EFF-0124,yin2026playworld,physical_interaction,physical_episodes_or_rollouts,10–20 imagined episodes; physical data in hours,episodes/rollouts/attempts,"reported physical collection, controller tests, or task run",NR,DROID hardware setup,"PDF pp.2,4–7,10,23",B,source_reported,No method-specific code; end-to-end cost and reset metrics NR
QE-EFF-0125,yin2026playworld,control,control_frequency,NR,NR,NR,NR,DROID hardware setup,"PDF pp.2,4–7,10,23",B,not_reported,Metric is NR in the verified source audit; NR is not zero. No method-specific code; end-to-end cost and reset metrics NR
QE-EFF-0126,yin2026playworld,time,active_or_aggregate_robot_hours,30,robot-hours,reported physical interaction or corpus-collection scope,NR,DROID hardware setup,"PDF pp.2,4–7,10,23",B,source_reported,Time boundary is source-specific and is not automatically an end-to-end lifecycle cost. No method-specific code; end-to-end cost and reset metrics NR
QE-EFF-0127,yin2026playworld,time,elapsed_wall_clock,30 h play; 48 h world-model compute,elapsed minutes/hours,"reported run or task; inclusion of setup, reset, compute, and downtime is source-specific",NR,DROID hardware setup,"PDF pp.2,4–7,10,23",B,source_reported,Time boundary is source-specific and is not automatically an end-to-end lifecycle cost. No method-specific code; end-to-end cost and reset metrics NR
QE-EFF-0128,yin2026playworld,parallelism,primary_data_robot_count,1,robots,primary learner or physical data-collection fleet; helper/reset/evaluation hardware is separated in hardware_roles.csv,NR,DROID hardware setup,"PDF pp.2,4–7,10,23",B,source_reported,Elapsed speedup and aggregate robot-hours must be separated. No method-specific code; end-to-end cost and reset metrics NR
QE-EFF-0129,yin2026playworld,compute,reported_compute_resource_or_duration,8×H200 for 2 days,hardware or compute-time as reported,"reported training job, model, or online system",NR,DROID hardware setup,"PDF pp.2,4–7,10,23",B,source_reported,Compute descriptions are not hardware-normalized and missing compute is not zero. No method-specific code; end-to-end cost and reset metrics NR
QE-EFF-0130,yin2026playworld,human_input,demonstration_count,5–10 demonstrations for downstream diffusion policies,demonstrations/trajectories,per task or aggregate exactly as stated in value,NR,DROID hardware setup,"PDF pp.2,4–7,10,23",B,source_reported,"Demonstration count does not report collection skill, duration, discarded attempts, or labeling cost. No method-specific code; end-to-end cost and reset metrics NR"
QE-EFF-0131,yin2026playworld,evaluation,evaluation_trial_count,20,trials/rollouts/windows/checkpoints,reported task or policy evaluation,NR,DROID hardware setup,"PDF pp.2,4–7,10,23",B,source_reported,Task-specific evaluation definitions and denominators limit cross-work comparison. No method-specific code; end-to-end cost and reset metrics NR
QE-EFF-0132,yin2026playworld,performance,reported_success_result,up to +65 percentage points versus baseline video model on two tasks,task-defined success/result,success definition recorded for the work,Comparator embedded in value; use the same task/protocol and inspect locator,DROID hardware setup,"PDF pp.2,4–7,10,23",B,source_reported,Task-specific evaluation definitions and denominators limit cross-work comparison. No method-specific code; end-to-end cost and reset metrics NR
QE-EFF-0133,haarnoja2019walk,time,reported_phase_duration,approximately 2 h,as reported (minutes/hours),source-reported phase/task summary; atomic boundaries are in time_ontology.csv,NR,Ghost Robotics Minitaur,PDF p.1 abstract; p.7 Sec. V-A; p.8 Sec. VI,A,source_reported_approximate,Summary index only; values across phases or tasks must not be added. Time boundary is source-specific and is not automatically an end-to-end lifecycle cost. Single reported hardware learning run; no uncertainty on time-to-threshold
QE-EFF-0134,haarnoja2019walk,physical_interaction,physical_steps_or_transitions,160000 control steps,steps/transitions,reported physical collection or fine-tuning scope,NR,Ghost Robotics Minitaur,PDF p.1 abstract; p.7 Sec. V-A; p.8 Sec. VI,A,source_reported,Single reported hardware learning run; no uncertainty on time-to-threshold
QE-EFF-0135,haarnoja2019walk,physical_interaction,physical_episodes_or_rollouts,approximately 400 rollouts,episodes/rollouts/attempts,"reported physical collection, controller tests, or task run",NR,Ghost Robotics Minitaur,PDF p.1 abstract; p.7 Sec. V-A; p.8 Sec. VI,A,source_reported_approximate,Single reported hardware learning run; no uncertainty on time-to-threshold
QE-EFF-0136,haarnoja2019walk,control,control_frequency,50,Hz,physical action/control loop where reported,NR,Ghost Robotics Minitaur,PDF p.1 abstract; p.7 Sec. V-A; p.8 Sec. VI,A,source_reported,Single reported hardware learning run; no uncertainty on time-to-threshold
QE-EFF-0137,haarnoja2019walk,time,active_or_aggregate_robot_hours,approximately 2,robot-hours,reported physical interaction or corpus-collection scope,NR,Ghost Robotics Minitaur,PDF p.1 abstract; p.7 Sec. V-A; p.8 Sec. VI,A,source_reported_approximate,Time boundary is source-specific and is not automatically an end-to-end lifecycle cost. Single reported hardware learning run; no uncertainty on time-to-threshold
QE-EFF-0138,haarnoja2019walk,time,elapsed_wall_clock,approximately 2,elapsed minutes/hours,"reported run or task; inclusion of setup, reset, compute, and downtime is source-specific",NR,Ghost Robotics Minitaur,PDF p.1 abstract; p.7 Sec. V-A; p.8 Sec. VI,A,source_reported_approximate,Time boundary is source-specific and is not automatically an end-to-end lifecycle cost. Single reported hardware learning run; no uncertainty on time-to-threshold
QE-EFF-0139,haarnoja2019walk,parallelism,primary_data_robot_count,1,robots,primary learner or physical data-collection fleet; helper/reset/evaluation hardware is separated in hardware_roles.csv,NR,Ghost Robotics Minitaur,PDF p.1 abstract; p.7 Sec. V-A; p.8 Sec. VI,A,source_reported,Elapsed speedup and aggregate robot-hours must be separated. Single reported hardware learning run; no uncertainty on time-to-threshold
QE-EFF-0140,haarnoja2019walk,compute,reported_compute_resource_or_duration,NR,NR,NR,NR,Ghost Robotics Minitaur,PDF p.1 abstract; p.7 Sec. V-A; p.8 Sec. VI,A,not_reported,Metric is NR in the verified source audit; NR is not zero. Single reported hardware learning run; no uncertainty on time-to-threshold
QE-EFF-0141,haarnoja2019walk,human_input,demonstration_count,0,demonstrations/trajectories,per task or aggregate exactly as stated in value,NR,Ghost Robotics Minitaur,PDF p.1 abstract; p.7 Sec. V-A; p.8 Sec. VI,A,source_reported,"Demonstration count does not report collection skill, duration, discarded attempts, or labeling cost. Single reported hardware learning run; no uncertainty on time-to-threshold"
QE-EFF-0142,haarnoja2019walk,evaluation,evaluation_trial_count,10,trials/rollouts/windows/checkpoints,reported task or policy evaluation,NR,Ghost Robotics Minitaur,PDF p.1 abstract; p.7 Sec. V-A; p.8 Sec. VI,A,source_reported,Task-specific evaluation definitions and denominators limit cross-work comparison. Single reported hardware learning run; no uncertainty on time-to-threshold
QE-EFF-0143,haarnoja2019walk,performance,reported_success_result,learned from scratch in approximately 2 h; 10/10 successes in each reported robustness test,task-defined success/result,success definition recorded for the work,NR,Ghost Robotics Minitaur,PDF p.1 abstract; p.7 Sec. V-A; p.8 Sec. VI,A,source_reported_approximate,Task-specific evaluation definitions and denominators limit cross-work comparison. Single reported hardware learning run; no uncertainty on time-to-threshold
QE-EFF-0144,zhan2022ferm,time,reported_phase_duration,mean under 30 min; 15–50 min task range,as reported (minutes/hours),source-reported phase/task summary; atomic boundaries are in time_ontology.csv,NR,UFACTORY xArm with two cameras,PDF p.3 Sec. III; p.4 Sec. IV and Fig. 4,A,source_reported,Summary index only; values across phases or tasks must not be added. Time boundary is source-specific and is not automatically an end-to-end lifecycle cost. No study-wide robot-hour total or operator-time accounting
QE-EFF-0145,zhan2022ferm,physical_interaction,physical_steps_or_transitions,NR,NR,NR,NR,UFACTORY xArm with two cameras,PDF p.3 Sec. III; p.4 Sec. IV and Fig. 4,A,not_reported,Metric is NR in the verified source audit; NR is not zero. No study-wide robot-hour total or operator-time accounting
QE-EFF-0146,zhan2022ferm,physical_interaction,physical_episodes_or_rollouts,20–80 episodes,episodes/rollouts/attempts,"reported physical collection, controller tests, or task run",NR,UFACTORY xArm with two cameras,PDF p.3 Sec. III; p.4 Sec. IV and Fig. 4,A,source_reported,No study-wide robot-hour total or operator-time accounting
QE-EFF-0147,zhan2022ferm,control,control_frequency,NR,NR,NR,NR,UFACTORY xArm with two cameras,PDF p.3 Sec. III; p.4 Sec. IV and Fig. 4,A,not_reported,Metric is NR in the verified source audit; NR is not zero. No study-wide robot-hour total or operator-time accounting
QE-EFF-0148,zhan2022ferm,time,active_or_aggregate_robot_hours,NR,NR,NR,NR,UFACTORY xArm with two cameras,PDF p.3 Sec. III; p.4 Sec. IV and Fig. 4,A,not_reported,Metric is NR in the verified source audit; NR is not zero. No study-wide robot-hour total or operator-time accounting
QE-EFF-0149,zhan2022ferm,time,elapsed_wall_clock,0.25–0.83 h,elapsed minutes/hours,"reported run or task; inclusion of setup, reset, compute, and downtime is source-specific",NR,UFACTORY xArm with two cameras,PDF p.3 Sec. III; p.4 Sec. IV and Fig. 4,A,source_reported,Time boundary is source-specific and is not automatically an end-to-end lifecycle cost. No study-wide robot-hour total or operator-time accounting
QE-EFF-0150,zhan2022ferm,parallelism,primary_data_robot_count,1,robots,primary learner or physical data-collection fleet; helper/reset/evaluation hardware is separated in hardware_roles.csv,NR,UFACTORY xArm with two cameras,PDF p.3 Sec. III; p.4 Sec. IV and Fig. 4,A,source_reported,Elapsed speedup and aggregate robot-hours must be separated. No study-wide robot-hour total or operator-time accounting
QE-EFF-0151,zhan2022ferm,compute,reported_compute_resource_or_duration,NR,NR,NR,NR,UFACTORY xArm with two cameras,PDF p.3 Sec. III; p.4 Sec. IV and Fig. 4,A,not_reported,Metric is NR in the verified source audit; NR is not zero. No study-wide robot-hour total or operator-time accounting
QE-EFF-0152,zhan2022ferm,human_input,demonstration_count,10,demonstrations/trajectories,per task or aggregate exactly as stated in value,NR,UFACTORY xArm with two cameras,PDF p.3 Sec. III; p.4 Sec. IV and Fig. 4,A,source_reported,"Demonstration count does not report collection skill, duration, discarded attempts, or labeling cost. No study-wide robot-hour total or operator-time accounting"
QE-EFF-0153,zhan2022ferm,evaluation,evaluation_trial_count,NR,NR,NR,NR,UFACTORY xArm with two cameras,PDF p.3 Sec. III; p.4 Sec. IV and Fig. 4,A,not_reported,Metric is NR in the verified source audit; NR is not zero. No study-wide robot-hour total or operator-time accounting
QE-EFF-0154,zhan2022ferm,performance,reported_success_result,optimal policies within 15–50 min and 20–80 episodes; first success mean 11 min with 3–33 min range,task-defined success/result,success definition recorded for the work,NR,UFACTORY xArm with two cameras,PDF p.3 Sec. III; p.4 Sec. IV and Fig. 4,A,source_reported,Task-specific evaluation definitions and denominators limit cross-work comparison. No study-wide robot-hour total or operator-time accounting
QE-EFF-0155,tebbe2021tabletennis,time,reported_phase_duration,NR,NR,NR,NR,KUKA Agilus KR 6 R900 sixx,PDF p.5 Sec. IV; p.6 Sec. V,A,not_reported,Summary index only; values across phases or tasks must not be added. Metric is NR in the verified source audit; NR is not zero. Elapsed training time and repeated-run uncertainty are not reported
QE-EFF-0156,tebbe2021tabletennis,physical_interaction,physical_steps_or_transitions,NR,NR,NR,NR,KUKA Agilus KR 6 R900 sixx,PDF p.5 Sec. IV; p.6 Sec. V,A,not_reported,Metric is NR in the verified source audit; NR is not zero. Elapsed training time and repeated-run uncertainty are not reported
QE-EFF-0157,tebbe2021tabletennis,physical_interaction,physical_episodes_or_rollouts,200,episodes/rollouts/attempts,"reported physical collection, controller tests, or task run",NR,KUKA Agilus KR 6 R900 sixx,PDF p.5 Sec. IV; p.6 Sec. V,A,source_reported,Elapsed training time and repeated-run uncertainty are not reported
QE-EFF-0158,tebbe2021tabletennis,control,control_frequency,NR,NR,NR,NR,KUKA Agilus KR 6 R900 sixx,PDF p.5 Sec. IV; p.6 Sec. V,A,not_reported,Metric is NR in the verified source audit; NR is not zero. Elapsed training time and repeated-run uncertainty are not reported
QE-EFF-0159,tebbe2021tabletennis,time,active_or_aggregate_robot_hours,NR,NR,NR,NR,KUKA Agilus KR 6 R900 sixx,PDF p.5 Sec. IV; p.6 Sec. V,A,not_reported,Metric is NR in the verified source audit; NR is not zero. Elapsed training time and repeated-run uncertainty are not reported
QE-EFF-0160,tebbe2021tabletennis,time,elapsed_wall_clock,NR,NR,NR,NR,KUKA Agilus KR 6 R900 sixx,PDF p.5 Sec. IV; p.6 Sec. V,A,not_reported,Metric is NR in the verified source audit; NR is not zero. Elapsed training time and repeated-run uncertainty are not reported
QE-EFF-0161,tebbe2021tabletennis,parallelism,primary_data_robot_count,1,robots,primary learner or physical data-collection fleet; helper/reset/evaluation hardware is separated in hardware_roles.csv,NR,KUKA Agilus KR 6 R900 sixx,PDF p.5 Sec. IV; p.6 Sec. V,A,source_reported,Elapsed speedup and aggregate robot-hours must be separated. Elapsed training time and repeated-run uncertainty are not reported
QE-EFF-0162,tebbe2021tabletennis,compute,reported_compute_resource_or_duration,NR,NR,NR,NR,KUKA Agilus KR 6 R900 sixx,PDF p.5 Sec. IV; p.6 Sec. V,A,not_reported,Metric is NR in the verified source audit; NR is not zero. Elapsed training time and repeated-run uncertainty are not reported
QE-EFF-0163,tebbe2021tabletennis,human_input,demonstration_count,0,demonstrations/trajectories,per task or aggregate exactly as stated in value,NR,KUKA Agilus KR 6 R900 sixx,PDF p.5 Sec. IV; p.6 Sec. V,A,source_reported,"Demonstration count does not report collection skill, duration, discarded attempts, or labeling cost. Elapsed training time and repeated-run uncertainty are not reported"
QE-EFF-0164,tebbe2021tabletennis,evaluation,evaluation_trial_count,50,trials/rollouts/windows/checkpoints,reported task or policy evaluation,NR,KUKA Agilus KR 6 R900 sixx,PDF p.5 Sec. IV; p.6 Sec. V,A,source_reported,Task-specific evaluation definitions and denominators limit cross-work comparison. Elapsed training time and repeated-run uncertainty are not reported
QE-EFF-0165,tebbe2021tabletennis,performance,reported_success_result,learning curves reach accurate returns within 200 ball contacts; final 50 episodes reported,task-defined success/result,success definition recorded for the work,NR,KUKA Agilus KR 6 R900 sixx,PDF p.5 Sec. IV; p.6 Sec. V,A,source_reported,Task-specific evaluation definitions and denominators limit cross-work comparison. Elapsed training time and repeated-run uncertainty are not reported
QE-EFF-0166,wu2023daydreamer,time,reported_phase_duration,10 min adaptation; 1–10 h from-scratch task runs,as reported (minutes/hours),source-reported phase/task summary; atomic boundaries are in time_ontology.csv,NR,Unitree A1; UR5; xArm; Sphero Ollie,PDF p.5 Sec. 4.1; pp.6–8 Secs. 4.2–4.4; p.13 appendix figure,A,source_reported,Summary index only; values across phases or tasks must not be added. Time boundary is source-specific and is not automatically an end-to-end lifecycle cost. One main run per robot/task; operational burden is qualitative rather than totaled
QE-EFF-0167,wu2023daydreamer,physical_interaction,physical_steps_or_transitions,NR,NR,NR,NR,Unitree A1; UR5; xArm; Sphero Ollie,PDF p.5 Sec. 4.1; pp.6–8 Secs. 4.2–4.4; p.13 appendix figure,A,not_reported,Metric is NR in the verified source audit; NR is not zero. One main run per robot/task; operational burden is qualitative rather than totaled
QE-EFF-0168,wu2023daydreamer,physical_interaction,physical_episodes_or_rollouts,NR,NR,NR,NR,Unitree A1; UR5; xArm; Sphero Ollie,PDF p.5 Sec. 4.1; pp.6–8 Secs. 4.2–4.4; p.13 appendix figure,A,not_reported,Metric is NR in the verified source audit; NR is not zero. One main run per robot/task; operational burden is qualitative rather than totaled
QE-EFF-0169,wu2023daydreamer,control,control_frequency,NR,NR,NR,NR,Unitree A1; UR5; xArm; Sphero Ollie,PDF p.5 Sec. 4.1; pp.6–8 Secs. 4.2–4.4; p.13 appendix figure,A,not_reported,Metric is NR in the verified source audit; NR is not zero. One main run per robot/task; operational burden is qualitative rather than totaled
QE-EFF-0170,wu2023daydreamer,time,active_or_aggregate_robot_hours,1; 8; 10; approximately 2 by task,robot-hours,reported physical interaction or corpus-collection scope,NR,Unitree A1; UR5; xArm; Sphero Ollie,PDF p.5 Sec. 4.1; pp.6–8 Secs. 4.2–4.4; p.13 appendix figure,A,source_reported_approximate,Time boundary is source-specific and is not automatically an end-to-end lifecycle cost. One main run per robot/task; operational burden is qualitative rather than totaled
QE-EFF-0171,wu2023daydreamer,time,elapsed_wall_clock,same as disclosed run durations,elapsed minutes/hours,"reported run or task; inclusion of setup, reset, compute, and downtime is source-specific",NR,Unitree A1; UR5; xArm; Sphero Ollie,PDF p.5 Sec. 4.1; pp.6–8 Secs. 4.2–4.4; p.13 appendix figure,A,source_reported,Time boundary is source-specific and is not automatically an end-to-end lifecycle cost. One main run per robot/task; operational burden is qualitative rather than totaled
QE-EFF-0172,wu2023daydreamer,parallelism,primary_data_robot_count,1,robots,primary learner or physical data-collection fleet; helper/reset/evaluation hardware is separated in hardware_roles.csv,NR,Unitree A1; UR5; xArm; Sphero Ollie,PDF p.5 Sec. 4.1; pp.6–8 Secs. 4.2–4.4; p.13 appendix figure,A,source_reported,Elapsed speedup and aggregate robot-hours must be separated. One main run per robot/task; operational burden is qualitative rather than totaled
QE-EFF-0173,wu2023daydreamer,compute,reported_compute_resource_or_duration,onboard/desktop learning stack; exact accelerator by task in appendix,hardware or compute-time as reported,"reported training job, model, or online system",NR,Unitree A1; UR5; xArm; Sphero Ollie,PDF p.5 Sec. 4.1; pp.6–8 Secs. 4.2–4.4; p.13 appendix figure,A,source_reported,Compute descriptions are not hardware-normalized and missing compute is not zero. One main run per robot/task; operational burden is qualitative rather than totaled
QE-EFF-0174,wu2023daydreamer,human_input,demonstration_count,0,demonstrations/trajectories,per task or aggregate exactly as stated in value,NR,Unitree A1; UR5; xArm; Sphero Ollie,PDF p.5 Sec. 4.1; pp.6–8 Secs. 4.2–4.4; p.13 appendix figure,A,source_reported,"Demonstration count does not report collection skill, duration, discarded attempts, or labeling cost. One main run per robot/task; operational burden is qualitative rather than totaled"
QE-EFF-0175,wu2023daydreamer,evaluation,evaluation_trial_count,NR,NR,NR,NR,Unitree A1; UR5; xArm; Sphero Ollie,PDF p.5 Sec. 4.1; pp.6–8 Secs. 4.2–4.4; p.13 appendix figure,A,not_reported,Metric is NR in the verified source audit; NR is not zero. One main run per robot/task; operational burden is qualitative rather than totaled
QE-EFF-0176,wu2023daydreamer,performance,reported_success_result,A1 learns walking in 1 h and adapts to pushes in 10 min; UR5 8 h; xArm 10 h; Sphero about 2 h,task-defined success/result,success definition recorded for the work,NR,Unitree A1; UR5; xArm; Sphero Ollie,PDF p.5 Sec. 4.1; pp.6–8 Secs. 4.2–4.4; p.13 appendix figure,A,source_reported_approximate,Task-specific evaluation definitions and denominators limit cross-work comparison. One main run per robot/task; operational burden is qualitative rather than totaled
QE-EFF-0177,kalashnikov2018qtopt,time,reported_phase_duration,320k-attempt checkpoint after approximately 440 robot-hours; final 580k after approximately 800 robot-hours,as reported (minutes/hours),source-reported phase/task summary; atomic boundaries are in time_ontology.csv,NR,seven KUKA robot arms,PDF p.1 abstract; p.2 Sec. 1; p.14 Sec. 5.3; p.21 appendix,A,source_reported_approximate,Summary index only; values across phases or tasks must not be added. Time boundary is source-specific and is not automatically an end-to-end lifecycle cost. No matched end-to-end cost baseline or operator-hour total
QE-EFF-0178,kalashnikov2018qtopt,physical_interaction,physical_steps_or_transitions,NR,NR,NR,NR,seven KUKA robot arms,PDF p.1 abstract; p.2 Sec. 1; p.14 Sec. 5.3; p.21 appendix,A,not_reported,Metric is NR in the verified source audit; NR is not zero. No matched end-to-end cost baseline or operator-hour total
QE-EFF-0179,kalashnikov2018qtopt,physical_interaction,physical_episodes_or_rollouts,580000,episodes/rollouts/attempts,"reported physical collection, controller tests, or task run",NR,seven KUKA robot arms,PDF p.1 abstract; p.2 Sec. 1; p.14 Sec. 5.3; p.21 appendix,A,source_reported,No matched end-to-end cost baseline or operator-hour total
QE-EFF-0180,kalashnikov2018qtopt,control,control_frequency,NR,NR,NR,NR,seven KUKA robot arms,PDF p.1 abstract; p.2 Sec. 1; p.14 Sec. 5.3; p.21 appendix,A,not_reported,Metric is NR in the verified source audit; NR is not zero. No matched end-to-end cost baseline or operator-hour total
QE-EFF-0181,kalashnikov2018qtopt,time,active_or_aggregate_robot_hours,800,robot-hours,reported physical interaction or corpus-collection scope,NR,seven KUKA robot arms,PDF p.1 abstract; p.2 Sec. 1; p.14 Sec. 5.3; p.21 appendix,A,source_reported,Time boundary is source-specific and is not automatically an end-to-end lifecycle cost. No matched end-to-end cost baseline or operator-hour total
QE-EFF-0182,kalashnikov2018qtopt,time,elapsed_wall_clock,NR,NR,NR,NR,seven KUKA robot arms,PDF p.1 abstract; p.2 Sec. 1; p.14 Sec. 5.3; p.21 appendix,A,not_reported,Metric is NR in the verified source audit; NR is not zero. No matched end-to-end cost baseline or operator-hour total
QE-EFF-0183,kalashnikov2018qtopt,parallelism,primary_data_robot_count,7,robots,primary learner or physical data-collection fleet; helper/reset/evaluation hardware is separated in hardware_roles.csv,NR,seven KUKA robot arms,PDF p.1 abstract; p.2 Sec. 1; p.14 Sec. 5.3; p.21 appendix,A,source_reported,Elapsed speedup and aggregate robot-hours must be separated. No matched end-to-end cost baseline or operator-hour total
QE-EFF-0184,kalashnikov2018qtopt,compute,reported_compute_resource_or_duration,10 NVIDIA P100 GPUs; training reports approximately 40 updates/s at batch 32,hardware or compute-time as reported,"reported training job, model, or online system",NR,seven KUKA robot arms,PDF p.1 abstract; p.2 Sec. 1; p.14 Sec. 5.3; p.21 appendix,A,source_reported_approximate,Compute descriptions are not hardware-normalized and missing compute is not zero. No matched end-to-end cost baseline or operator-hour total
QE-EFF-0185,kalashnikov2018qtopt,human_input,demonstration_count,0,demonstrations/trajectories,per task or aggregate exactly as stated in value,NR,seven KUKA robot arms,PDF p.1 abstract; p.2 Sec. 1; p.14 Sec. 5.3; p.21 appendix,A,source_reported,"Demonstration count does not report collection skill, duration, discarded attempts, or labeling cost. No matched end-to-end cost baseline or operator-hour total"
QE-EFF-0186,kalashnikov2018qtopt,evaluation,evaluation_trial_count,NR,NR,NR,NR,seven KUKA robot arms,PDF p.1 abstract; p.2 Sec. 1; p.14 Sec. 5.3; p.21 appendix,A,not_reported,Metric is NR in the verified source audit; NR is not zero. No matched end-to-end cost baseline or operator-hour total
QE-EFF-0187,kalashnikov2018qtopt,performance,reported_success_result,96% success on unseen objects after the full collection; 78% after the initial 320k attempts,task-defined success/result,success definition recorded for the work,NR,seven KUKA robot arms,PDF p.1 abstract; p.2 Sec. 1; p.14 Sec. 5.3; p.21 appendix,A,source_reported,Task-specific evaluation definitions and denominators limit cross-work comparison. No matched end-to-end cost baseline or operator-hour total
QE-EFF-0188,kalashnikov2022mtopt,time,reported_phase_duration,16-month collection program,as reported (minutes/hours),source-reported phase/task summary; atomic boundaries are in time_ontology.csv,NR,six to seven KUKA IIWA robots,"PDF p.1 abstract; pp.15–17 appendix, Table IV",A,source_reported,Summary index only; values across phases or tasks must not be added. Time boundary is source-specific and is not automatically an end-to-end lifecycle cost. Aggregate robot-hours and staffing are NR; canonical metadata uses the 2022 PMLR proceedings paper.
QE-EFF-0189,kalashnikov2022mtopt,physical_interaction,physical_steps_or_transitions,NR,NR,NR,NR,six to seven KUKA IIWA robots,"PDF p.1 abstract; pp.15–17 appendix, Table IV",A,not_reported,Metric is NR in the verified source audit; NR is not zero. Aggregate robot-hours and staffing are NR; canonical metadata uses the 2022 PMLR proceedings paper.
QE-EFF-0190,kalashnikov2022mtopt,physical_interaction,physical_episodes_or_rollouts,nearly/over 800000 episodes,episodes/rollouts/attempts,"reported physical collection, controller tests, or task run",NR,six to seven KUKA IIWA robots,"PDF p.1 abstract; pp.15–17 appendix, Table IV",A,source_reported_approximate,Aggregate robot-hours and staffing are NR; canonical metadata uses the 2022 PMLR proceedings paper.
QE-EFF-0191,kalashnikov2022mtopt,control,control_frequency,NR,NR,NR,NR,six to seven KUKA IIWA robots,"PDF p.1 abstract; pp.15–17 appendix, Table IV",A,not_reported,Metric is NR in the verified source audit; NR is not zero. Aggregate robot-hours and staffing are NR; canonical metadata uses the 2022 PMLR proceedings paper.
QE-EFF-0192,kalashnikov2022mtopt,time,active_or_aggregate_robot_hours,NR,NR,NR,NR,six to seven KUKA IIWA robots,"PDF p.1 abstract; pp.15–17 appendix, Table IV",A,not_reported,Metric is NR in the verified source audit; NR is not zero. Aggregate robot-hours and staffing are NR; canonical metadata uses the 2022 PMLR proceedings paper.
QE-EFF-0193,kalashnikov2022mtopt,time,elapsed_wall_clock,16-month program span,elapsed minutes/hours,"reported run or task; inclusion of setup, reset, compute, and downtime is source-specific",NR,six to seven KUKA IIWA robots,"PDF p.1 abstract; pp.15–17 appendix, Table IV",A,source_reported,Time boundary is source-specific and is not automatically an end-to-end lifecycle cost. Aggregate robot-hours and staffing are NR; canonical metadata uses the 2022 PMLR proceedings paper.
QE-EFF-0194,kalashnikov2022mtopt,parallelism,primary_data_robot_count,6-7,robots,primary learner or physical data-collection fleet; helper/reset/evaluation hardware is separated in hardware_roles.csv,NR,six to seven KUKA IIWA robots,"PDF p.1 abstract; pp.15–17 appendix, Table IV",A,source_reported,Elapsed speedup and aggregate robot-hours must be separated. Aggregate robot-hours and staffing are NR; canonical metadata uses the 2022 PMLR proceedings paper.
QE-EFF-0195,kalashnikov2022mtopt,compute,reported_compute_resource_or_duration,distributed learner,hardware description,learner compute configuration,NR,six to seven KUKA IIWA robots,"PDF p.1 abstract; pp.15–17 appendix, Table IV",A,source_reported,Compute descriptions are not hardware-normalized and missing compute is not zero. Aggregate robot-hours and staffing are NR; canonical metadata uses the 2022 PMLR proceedings paper.
QE-EFF-0196,kalashnikov2022mtopt,human_input,demonstration_count,0,demonstrations/trajectories,per task or aggregate exactly as stated in value,NR,six to seven KUKA IIWA robots,"PDF p.1 abstract; pp.15–17 appendix, Table IV",A,source_reported,"Demonstration count does not report collection skill, duration, discarded attempts, or labeling cost. Aggregate robot-hours and staffing are NR; canonical metadata uses the 2022 PMLR proceedings paper."
QE-EFF-0197,kalashnikov2022mtopt,evaluation,evaluation_trial_count,8400,trials/rollouts/windows/checkpoints,reported task or policy evaluation,NR,six to seven KUKA IIWA robots,"PDF p.1 abstract; pp.15–17 appendix, Table IV",A,source_reported,Task-specific evaluation definitions and denominators limit cross-work comparison. Aggregate robot-hours and staffing are NR; canonical metadata uses the 2022 PMLR proceedings paper.
QE-EFF-0198,kalashnikov2022mtopt,performance,reported_success_result,"paper reports gains across 12 tasks; 8,400 held-out evaluations are implied by 12 tasks × 100 trials × 7 checkpoints",task-defined success/result,success definition recorded for the work,NR,six to seven KUKA IIWA robots,"PDF p.1 abstract; pp.15–17 appendix, Table IV",A,source_reported,Task-specific evaluation definitions and denominators limit cross-work comparison. Aggregate robot-hours and staffing are NR; canonical metadata uses the 2022 PMLR proceedings paper.
QE-EFF-0199,riedmiller2018sacx,time,reported_phase_duration,approximately 10 h for lift,as reported (minutes/hours),source-reported phase/task summary; atomic boundaries are in time_ontology.csv,NR,Kinova Jaco arm,PDF p.8 Sec. 5.4 and physical-robot figure,A,source_reported_approximate,Summary index only; values across phases or tasks must not be added. Time boundary is source-specific and is not automatically an end-to-end lifecycle cost. Single hardware learning curve; bring-task time and intervention burden NR
QE-EFF-0200,riedmiller2018sacx,physical_interaction,physical_steps_or_transitions,NR,NR,NR,NR,Kinova Jaco arm,PDF p.8 Sec. 5.4 and physical-robot figure,A,not_reported,Metric is NR in the verified source audit; NR is not zero. Single hardware learning curve; bring-task time and intervention burden NR
QE-EFF-0201,riedmiller2018sacx,physical_interaction,physical_episodes_or_rollouts,approximately 1200 episodes,episodes/rollouts/attempts,"reported physical collection, controller tests, or task run",NR,Kinova Jaco arm,PDF p.8 Sec. 5.4 and physical-robot figure,A,source_reported_approximate,Single hardware learning curve; bring-task time and intervention burden NR
QE-EFF-0202,riedmiller2018sacx,control,control_frequency,NR,NR,NR,NR,Kinova Jaco arm,PDF p.8 Sec. 5.4 and physical-robot figure,A,not_reported,Metric is NR in the verified source audit; NR is not zero. Single hardware learning curve; bring-task time and intervention burden NR
QE-EFF-0203,riedmiller2018sacx,time,active_or_aggregate_robot_hours,approximately 10,robot-hours,reported physical interaction or corpus-collection scope,NR,Kinova Jaco arm,PDF p.8 Sec. 5.4 and physical-robot figure,A,source_reported_approximate,Time boundary is source-specific and is not automatically an end-to-end lifecycle cost. Single hardware learning curve; bring-task time and intervention burden NR
QE-EFF-0204,riedmiller2018sacx,time,elapsed_wall_clock,approximately 10,elapsed minutes/hours,"reported run or task; inclusion of setup, reset, compute, and downtime is source-specific",NR,Kinova Jaco arm,PDF p.8 Sec. 5.4 and physical-robot figure,A,source_reported_approximate,Time boundary is source-specific and is not automatically an end-to-end lifecycle cost. Single hardware learning curve; bring-task time and intervention burden NR
QE-EFF-0205,riedmiller2018sacx,parallelism,primary_data_robot_count,1,robots,primary learner or physical data-collection fleet; helper/reset/evaluation hardware is separated in hardware_roles.csv,NR,Kinova Jaco arm,PDF p.8 Sec. 5.4 and physical-robot figure,A,source_reported,Elapsed speedup and aggregate robot-hours must be separated. Single hardware learning curve; bring-task time and intervention burden NR
QE-EFF-0206,riedmiller2018sacx,compute,reported_compute_resource_or_duration,NR,NR,NR,NR,Kinova Jaco arm,PDF p.8 Sec. 5.4 and physical-robot figure,A,not_reported,Metric is NR in the verified source audit; NR is not zero. Single hardware learning curve; bring-task time and intervention burden NR
QE-EFF-0207,riedmiller2018sacx,human_input,demonstration_count,0,demonstrations/trajectories,per task or aggregate exactly as stated in value,NR,Kinova Jaco arm,PDF p.8 Sec. 5.4 and physical-robot figure,A,source_reported,"Demonstration count does not report collection skill, duration, discarded attempts, or labeling cost. Single hardware learning curve; bring-task time and intervention burden NR"
QE-EFF-0208,riedmiller2018sacx,evaluation,evaluation_trial_count,50,trials/rollouts/windows/checkpoints,reported task or policy evaluation,NR,Kinova Jaco arm,PDF p.8 Sec. 5.4 and physical-robot figure,A,source_reported,Task-specific evaluation definitions and denominators limit cross-work comparison. Single hardware learning curve; bring-task time and intervention burden NR
QE-EFF-0209,riedmiller2018sacx,performance,reported_success_result,"approximately 100% lift success after approximately 1,200 episodes and 10 h",task-defined success/result,success definition recorded for the work,NR,Kinova Jaco arm,PDF p.8 Sec. 5.4 and physical-robot figure,A,source_reported_approximate,Task-specific evaluation definitions and denominators limit cross-work comparison. Single hardware learning curve; bring-task time and intervention burden NR
QE-EFF-0210,nair2020awac,time,reported_phase_duration,NR,NR,NR,NR,D'Claw; Sawyer; dexterous hand,PDF p.8 Sec. 6.3; p.17 appendix robot-experiment details,B,not_reported,Summary index only; values across phases or tasks must not be added. Metric is NR in the verified source audit; NR is not zero. Physical elapsed time and matched robot-hour totals are NR; preprint status
QE-EFF-0211,nair2020awac,physical_interaction,physical_steps_or_transitions,20000; 40000; 50000 by task,steps/transitions,reported physical collection or fine-tuning scope,NR,D'Claw; Sawyer; dexterous hand,PDF p.8 Sec. 6.3; p.17 appendix robot-experiment details,B,source_reported,Physical elapsed time and matched robot-hour totals are NR; preprint status
QE-EFF-0212,nair2020awac,physical_interaction,physical_episodes_or_rollouts,NR,NR,NR,NR,D'Claw; Sawyer; dexterous hand,PDF p.8 Sec. 6.3; p.17 appendix robot-experiment details,B,not_reported,Metric is NR in the verified source audit; NR is not zero. Physical elapsed time and matched robot-hour totals are NR; preprint status
QE-EFF-0213,nair2020awac,control,control_frequency,NR,NR,NR,NR,D'Claw; Sawyer; dexterous hand,PDF p.8 Sec. 6.3; p.17 appendix robot-experiment details,B,not_reported,Metric is NR in the verified source audit; NR is not zero. Physical elapsed time and matched robot-hour totals are NR; preprint status
QE-EFF-0214,nair2020awac,time,active_or_aggregate_robot_hours,NR,NR,NR,NR,D'Claw; Sawyer; dexterous hand,PDF p.8 Sec. 6.3; p.17 appendix robot-experiment details,B,not_reported,Metric is NR in the verified source audit; NR is not zero. Physical elapsed time and matched robot-hour totals are NR; preprint status
QE-EFF-0215,nair2020awac,time,elapsed_wall_clock,NR,NR,NR,NR,D'Claw; Sawyer; dexterous hand,PDF p.8 Sec. 6.3; p.17 appendix robot-experiment details,B,not_reported,Metric is NR in the verified source audit; NR is not zero. Physical elapsed time and matched robot-hour totals are NR; preprint status
QE-EFF-0216,nair2020awac,parallelism,primary_data_robot_count,1,robots,primary learner or physical data-collection fleet; helper/reset/evaluation hardware is separated in hardware_roles.csv,NR,D'Claw; Sawyer; dexterous hand,PDF p.8 Sec. 6.3; p.17 appendix robot-experiment details,B,source_reported,Elapsed speedup and aggregate robot-hours must be separated. Physical elapsed time and matched robot-hour totals are NR; preprint status
QE-EFF-0217,nair2020awac,compute,reported_compute_resource_or_duration,NR,NR,NR,NR,D'Claw; Sawyer; dexterous hand,PDF p.8 Sec. 6.3; p.17 appendix robot-experiment details,B,not_reported,Metric is NR in the verified source audit; NR is not zero. Physical elapsed time and matched robot-hour totals are NR; preprint status
QE-EFF-0218,nair2020awac,human_input,demonstration_count,10; 10; 19 kinesthetic demonstrations by task,demonstrations/trajectories,per task or aggregate exactly as stated in value,NR,D'Claw; Sawyer; dexterous hand,PDF p.8 Sec. 6.3; p.17 appendix robot-experiment details,B,source_reported,"Demonstration count does not report collection skill, duration, discarded attempts, or labeling cost. Physical elapsed time and matched robot-hour totals are NR; preprint status"
QE-EFF-0219,nair2020awac,evaluation,evaluation_trial_count,NR,NR,NR,NR,D'Claw; Sawyer; dexterous hand,PDF p.8 Sec. 6.3; p.17 appendix robot-experiment details,B,not_reported,Metric is NR in the verified source audit; NR is not zero. Physical elapsed time and matched robot-hour totals are NR; preprint status
QE-EFF-0220,nair2020awac,performance,reported_success_result,"physical curves reported to 20k, 40k and 50k online timesteps depending task",task-defined success/result,success definition recorded for the work,NR,D'Claw; Sawyer; dexterous hand,PDF p.8 Sec. 6.3; p.17 appendix robot-experiment details,B,source_reported,Task-specific evaluation definitions and denominators limit cross-work comparison. Physical elapsed time and matched robot-hour totals are NR; preprint status
QE-EFF-0221,singh2021cog,time,reported_phase_duration,NR,NR,NR,NR,WidowX robot,PDF p.8 Sec. 5.2 and real-robot table,A,not_reported,Summary index only; values across phases or tasks must not be added. Metric is NR in the verified source audit; NR is not zero. Offline training only for the main comparison; eight evaluation attempts give wide uncertainty
QE-EFF-0222,singh2021cog,physical_interaction,physical_steps_or_transitions,160000,steps/transitions,reported physical collection or fine-tuning scope,NR,WidowX robot,PDF p.8 Sec. 5.2 and real-robot table,A,derived,Offline training only for the main comparison; eight evaluation attempts give wide uncertainty
QE-EFF-0223,singh2021cog,physical_interaction,physical_episodes_or_rollouts,approximately 4000 new-task grasp attempts,episodes/rollouts/attempts,"reported physical collection, controller tests, or task run",NR,WidowX robot,PDF p.8 Sec. 5.2 and real-robot table,A,source_reported_approximate,Offline training only for the main comparison; eight evaluation attempts give wide uncertainty
QE-EFF-0224,singh2021cog,control,control_frequency,NR,NR,NR,NR,WidowX robot,PDF p.8 Sec. 5.2 and real-robot table,A,not_reported,Metric is NR in the verified source audit; NR is not zero. Offline training only for the main comparison; eight evaluation attempts give wide uncertainty
QE-EFF-0225,singh2021cog,time,active_or_aggregate_robot_hours,54,robot-hours,reported physical interaction or corpus-collection scope,NR,WidowX robot,PDF p.8 Sec. 5.2 and real-robot table,A,derived,Time boundary is source-specific and is not automatically an end-to-end lifecycle cost. Offline training only for the main comparison; eight evaluation attempts give wide uncertainty
QE-EFF-0226,singh2021cog,time,elapsed_wall_clock,NR,NR,NR,NR,WidowX robot,PDF p.8 Sec. 5.2 and real-robot table,A,not_reported,Metric is NR in the verified source audit; NR is not zero. Offline training only for the main comparison; eight evaluation attempts give wide uncertainty
QE-EFF-0227,singh2021cog,parallelism,primary_data_robot_count,1,robots,primary learner or physical data-collection fleet; helper/reset/evaluation hardware is separated in hardware_roles.csv,NR,WidowX robot,PDF p.8 Sec. 5.2 and real-robot table,A,source_reported,Elapsed speedup and aggregate robot-hours must be separated. Offline training only for the main comparison; eight evaluation attempts give wide uncertainty
QE-EFF-0228,singh2021cog,compute,reported_compute_resource_or_duration,NR,NR,NR,NR,WidowX robot,PDF p.8 Sec. 5.2 and real-robot table,A,not_reported,Metric is NR in the verified source audit; NR is not zero. Offline training only for the main comparison; eight evaluation attempts give wide uncertainty
QE-EFF-0229,singh2021cog,human_input,demonstration_count,0,demonstrations/trajectories,per task or aggregate exactly as stated in value,NR,WidowX robot,PDF p.8 Sec. 5.2 and real-robot table,A,source_reported,"Demonstration count does not report collection skill, duration, discarded attempts, or labeling cost. Offline training only for the main comparison; eight evaluation attempts give wide uncertainty"
QE-EFF-0230,singh2021cog,evaluation,evaluation_trial_count,8,trials/rollouts/windows/checkpoints,reported task or policy evaluation,NR,WidowX robot,PDF p.8 Sec. 5.2 and real-robot table,A,source_reported,Task-specific evaluation definitions and denominators limit cross-work comparison. Offline training only for the main comparison; eight evaluation attempts give wide uncertainty
QE-EFF-0231,singh2021cog,performance,reported_success_result,COG succeeds on 7/8 attempts while the behavior-cloning oracle succeeds on 0/8,task-defined success/result,success definition recorded for the work,Comparator embedded in value; use the same task/protocol and inspect locator,WidowX robot,PDF p.8 Sec. 5.2 and real-robot table,A,source_reported,Task-specific evaluation definitions and denominators limit cross-work comparison. Offline training only for the main comparison; eight evaluation attempts give wide uncertainty
QE-EFF-0232,kumar2023ptr,time,reported_phase_duration,NR,NR,NR,NR,robot arms across kitchen and door setups,PDF pp.7–9 Sec. 5; pp.14–16 appendix; p.21 appendix,A,not_reported,Summary index only; values across phases or tasks must not be added. Metric is NR in the verified source audit; NR is not zero. Physical wall-clock and operator time NR; only two online seeds; local evidence uses the longer arXiv appendix.
QE-EFF-0233,kumar2023ptr,physical_interaction,physical_steps_or_transitions,20000,steps/transitions,reported physical collection or fine-tuning scope,NR,robot arms across kitchen and door setups,PDF pp.7–9 Sec. 5; pp.14–16 appendix; p.21 appendix,A,source_reported,Physical wall-clock and operator time NR; only two online seeds; local evidence uses the longer arXiv appendix.
QE-EFF-0234,kumar2023ptr,physical_interaction,physical_episodes_or_rollouts,NR,NR,NR,NR,robot arms across kitchen and door setups,PDF pp.7–9 Sec. 5; pp.14–16 appendix; p.21 appendix,A,not_reported,Metric is NR in the verified source audit; NR is not zero. Physical wall-clock and operator time NR; only two online seeds; local evidence uses the longer arXiv appendix.
QE-EFF-0235,kumar2023ptr,control,control_frequency,NR,NR,NR,NR,robot arms across kitchen and door setups,PDF pp.7–9 Sec. 5; pp.14–16 appendix; p.21 appendix,A,not_reported,Metric is NR in the verified source audit; NR is not zero. Physical wall-clock and operator time NR; only two online seeds; local evidence uses the longer arXiv appendix.
QE-EFF-0236,kumar2023ptr,time,active_or_aggregate_robot_hours,NR,NR,NR,NR,robot arms across kitchen and door setups,PDF pp.7–9 Sec. 5; pp.14–16 appendix; p.21 appendix,A,not_reported,Metric is NR in the verified source audit; NR is not zero. Physical wall-clock and operator time NR; only two online seeds; local evidence uses the longer arXiv appendix.
QE-EFF-0237,kumar2023ptr,time,elapsed_wall_clock,NR,NR,NR,NR,robot arms across kitchen and door setups,PDF pp.7–9 Sec. 5; pp.14–16 appendix; p.21 appendix,A,not_reported,Metric is NR in the verified source audit; NR is not zero. Physical wall-clock and operator time NR; only two online seeds; local evidence uses the longer arXiv appendix.
QE-EFF-0238,kumar2023ptr,parallelism,primary_data_robot_count,1,robots,primary learner or physical data-collection fleet; helper/reset/evaluation hardware is separated in hardware_roles.csv,NR,robot arms across kitchen and door setups,PDF pp.7–9 Sec. 5; pp.14–16 appendix; p.21 appendix,A,source_reported,Elapsed speedup and aggregate robot-hours must be separated. Physical wall-clock and operator time NR; only two online seeds; local evidence uses the longer arXiv appendix.
QE-EFF-0239,kumar2023ptr,compute,reported_compute_resource_or_duration,NR,NR,NR,NR,robot arms across kitchen and door setups,PDF pp.7–9 Sec. 5; pp.14–16 appendix; p.21 appendix,A,not_reported,Metric is NR in the verified source audit; NR is not zero. Physical wall-clock and operator time NR; only two online seeds; local evidence uses the longer arXiv appendix.
QE-EFF-0240,kumar2023ptr,human_input,demonstration_count,10–20 target demonstrations; 40 door demonstrations in online study,demonstrations/trajectories,per task or aggregate exactly as stated in value,NR,robot arms across kitchen and door setups,PDF pp.7–9 Sec. 5; pp.14–16 appendix; p.21 appendix,A,source_reported,"Demonstration count does not report collection skill, duration, discarded attempts, or labeling cost. Physical wall-clock and operator time NR; only two online seeds; local evidence uses the longer arXiv appendix."
QE-EFF-0241,kumar2023ptr,evaluation,evaluation_trial_count,10-20,trials/rollouts/windows/checkpoints,reported task or policy evaluation,NR,robot arms across kitchen and door setups,PDF pp.7–9 Sec. 5; pp.14–16 appendix; p.21 appendix,A,source_reported,Task-specific evaluation definitions and denominators limit cross-work comparison. Physical wall-clock and operator time NR; only two online seeds; local evidence uses the longer arXiv appendix.
QE-EFF-0242,kumar2023ptr,performance,reported_success_result,online door fine-tuning improves in-distribution 53% to 73% and OOD 13% to 60% over two seeds,task-defined success/result,success definition recorded for the work,NR,robot arms across kitchen and door setups,PDF pp.7–9 Sec. 5; pp.14–16 appendix; p.21 appendix,A,source_reported_approximate,Task-specific evaluation definitions and denominators limit cross-work comparison. Physical wall-clock and operator time NR; only two online seeds; local evidence uses the longer arXiv appendix.
QE-EFF-0243,chebotar2023qtransformer,time,reported_phase_duration,NR,NR,NR,NR,fleet of 13 real robots,PDF p.2 Sec. 1; p.6 Sec. 4 and evaluation table; p.8 compute paragraph,A,not_reported,Summary index only; values across phases or tasks must not be added. Metric is NR in the verified source audit; NR is not zero. No online physical learning or end-to-end robot-hour total; evaluation denominator per aggregate NR
QE-EFF-0244,chebotar2023qtransformer,physical_interaction,physical_steps_or_transitions,NR,NR,NR,NR,fleet of 13 real robots,PDF p.2 Sec. 1; p.6 Sec. 4 and evaluation table; p.8 compute paragraph,A,not_reported,Metric is NR in the verified source audit; NR is not zero. No online physical learning or end-to-end robot-hour total; evaluation denominator per aggregate NR
QE-EFF-0245,chebotar2023qtransformer,physical_interaction,physical_episodes_or_rollouts,58000,episodes/rollouts/attempts,"reported physical collection, controller tests, or task run",NR,fleet of 13 real robots,PDF p.2 Sec. 1; p.6 Sec. 4 and evaluation table; p.8 compute paragraph,A,source_reported,No online physical learning or end-to-end robot-hour total; evaluation denominator per aggregate NR
QE-EFF-0246,chebotar2023qtransformer,control,control_frequency,NR,NR,NR,NR,fleet of 13 real robots,PDF p.2 Sec. 1; p.6 Sec. 4 and evaluation table; p.8 compute paragraph,A,not_reported,Metric is NR in the verified source audit; NR is not zero. No online physical learning or end-to-end robot-hour total; evaluation denominator per aggregate NR
QE-EFF-0247,chebotar2023qtransformer,time,active_or_aggregate_robot_hours,NR,NR,NR,NR,fleet of 13 real robots,PDF p.2 Sec. 1; p.6 Sec. 4 and evaluation table; p.8 compute paragraph,A,not_reported,Metric is NR in the verified source audit; NR is not zero. No online physical learning or end-to-end robot-hour total; evaluation denominator per aggregate NR
QE-EFF-0248,chebotar2023qtransformer,time,elapsed_wall_clock,NR,NR,NR,NR,fleet of 13 real robots,PDF p.2 Sec. 1; p.6 Sec. 4 and evaluation table; p.8 compute paragraph,A,not_reported,Metric is NR in the verified source audit; NR is not zero. No online physical learning or end-to-end robot-hour total; evaluation denominator per aggregate NR
QE-EFF-0249,chebotar2023qtransformer,parallelism,primary_data_robot_count,13,robots,primary learner or physical data-collection fleet; helper/reset/evaluation hardware is separated in hardware_roles.csv,NR,fleet of 13 real robots,PDF p.2 Sec. 1; p.6 Sec. 4 and evaluation table; p.8 compute paragraph,A,source_reported,Elapsed speedup and aggregate robot-hours must be separated. No online physical learning or end-to-end robot-hour total; evaluation denominator per aggregate NR
QE-EFF-0250,chebotar2023qtransformer,compute,reported_compute_resource_or_duration,"reported training jobs take 32 h, 163 h and 40 h for three model/data settings",hardware or compute-time as reported,"reported training job, model, or online system",NR,fleet of 13 real robots,PDF p.2 Sec. 1; p.6 Sec. 4 and evaluation table; p.8 compute paragraph,A,source_reported,Compute descriptions are not hardware-normalized and missing compute is not zero. No online physical learning or end-to-end robot-hour total; evaluation denominator per aggregate NR
QE-EFF-0251,chebotar2023qtransformer,human_input,demonstration_count,38000,demonstrations/trajectories,per task or aggregate exactly as stated in value,NR,fleet of 13 real robots,PDF p.2 Sec. 1; p.6 Sec. 4 and evaluation table; p.8 compute paragraph,A,source_reported,"Demonstration count does not report collection skill, duration, discarded attempts, or labeling cost. No online physical learning or end-to-end robot-hour total; evaluation denominator per aggregate NR"
QE-EFF-0252,chebotar2023qtransformer,evaluation,evaluation_trial_count,NR,NR,NR,NR,fleet of 13 real robots,PDF p.2 Sec. 1; p.6 Sec. 4 and evaluation table; p.8 compute paragraph,A,not_reported,Metric is NR in the verified source audit; NR is not zero. No online physical learning or end-to-end robot-hour total; evaluation denominator per aggregate NR
QE-EFF-0253,chebotar2023qtransformer,performance,reported_success_result,Q-Transformer average success 56% on the reported real-task table,task-defined success/result,success definition recorded for the work,NR,fleet of 13 real robots,PDF p.2 Sec. 1; p.6 Sec. 4 and evaluation table; p.8 compute paragraph,A,source_reported,Task-specific evaluation definitions and denominators limit cross-work comparison. No online physical learning or end-to-end robot-hour total; evaluation denominator per aggregate NR
QE-EFF-0254,nair2018rig,time,reported_phase_duration,about 1 h for reaching,as reported (minutes/hours),source-reported phase/task summary; atomic boundaries are in time_ontology.csv,NR,Sawyer robot,PDF pp.8–9 Sec. 5.3,A,source_reported_approximate,Summary index only; values across phases or tasks must not be added. Time boundary is source-specific and is not automatically an end-to-end lifecycle cost. Only reaching has a disclosed elapsed time; evaluation uses 15 push rollouts
QE-EFF-0255,nair2018rig,physical_interaction,physical_steps_or_transitions,10000 reach; approximately 25000 push,steps/transitions,reported physical collection or fine-tuning scope,NR,Sawyer robot,PDF pp.8–9 Sec. 5.3,A,source_reported_approximate,Only reaching has a disclosed elapsed time; evaluation uses 15 push rollouts
QE-EFF-0256,nair2018rig,physical_interaction,physical_episodes_or_rollouts,NR,NR,NR,NR,Sawyer robot,PDF pp.8–9 Sec. 5.3,A,not_reported,Metric is NR in the verified source audit; NR is not zero. Only reaching has a disclosed elapsed time; evaluation uses 15 push rollouts
QE-EFF-0257,nair2018rig,control,control_frequency,NR,NR,NR,NR,Sawyer robot,PDF pp.8–9 Sec. 5.3,A,not_reported,Metric is NR in the verified source audit; NR is not zero. Only reaching has a disclosed elapsed time; evaluation uses 15 push rollouts
QE-EFF-0258,nair2018rig,time,active_or_aggregate_robot_hours,about 1 for reach,robot-hours,reported physical interaction or corpus-collection scope,NR,Sawyer robot,PDF pp.8–9 Sec. 5.3,A,source_reported_approximate,Time boundary is source-specific and is not automatically an end-to-end lifecycle cost. Only reaching has a disclosed elapsed time; evaluation uses 15 push rollouts
QE-EFF-0259,nair2018rig,time,elapsed_wall_clock,about 1 for reach,elapsed minutes/hours,"reported run or task; inclusion of setup, reset, compute, and downtime is source-specific",NR,Sawyer robot,PDF pp.8–9 Sec. 5.3,A,source_reported_approximate,Time boundary is source-specific and is not automatically an end-to-end lifecycle cost. Only reaching has a disclosed elapsed time; evaluation uses 15 push rollouts
QE-EFF-0260,nair2018rig,parallelism,primary_data_robot_count,1,robots,primary learner or physical data-collection fleet; helper/reset/evaluation hardware is separated in hardware_roles.csv,NR,Sawyer robot,PDF pp.8–9 Sec. 5.3,A,source_reported,Elapsed speedup and aggregate robot-hours must be separated. Only reaching has a disclosed elapsed time; evaluation uses 15 push rollouts
QE-EFF-0261,nair2018rig,compute,reported_compute_resource_or_duration,NR,NR,NR,NR,Sawyer robot,PDF pp.8–9 Sec. 5.3,A,not_reported,Metric is NR in the verified source audit; NR is not zero. Only reaching has a disclosed elapsed time; evaluation uses 15 push rollouts
QE-EFF-0262,nair2018rig,human_input,demonstration_count,0,demonstrations/trajectories,per task or aggregate exactly as stated in value,NR,Sawyer robot,PDF pp.8–9 Sec. 5.3,A,source_reported,"Demonstration count does not report collection skill, duration, discarded attempts, or labeling cost. Only reaching has a disclosed elapsed time; evaluation uses 15 push rollouts"
QE-EFF-0263,nair2018rig,evaluation,evaluation_trial_count,15,trials/rollouts/windows/checkpoints,reported task or policy evaluation,NR,Sawyer robot,PDF pp.8–9 Sec. 5.3,A,source_reported,Task-specific evaluation definitions and denominators limit cross-work comparison. Only reaching has a disclosed elapsed time; evaluation uses 15 push rollouts
QE-EFF-0264,nair2018rig,performance,reported_success_result,reaching learns from 10k samples in about 1 h; pushing uses about 25k samples and reaches 4.5±2.5 cm versus HER 14.9±5.4 cm,task-defined success/result,success definition recorded for the work,Comparator embedded in value; use the same task/protocol and inspect locator,Sawyer robot,PDF pp.8–9 Sec. 5.3,A,source_reported_approximate,Task-specific evaluation definitions and denominators limit cross-work comparison. Only reaching has a disclosed elapsed time; evaluation uses 15 push rollouts
QE-EFF-0265,gupta2021resetfreemtl,time,reported_phase_duration,about 60 h in-hand; pipe text reports over 30 h in setup description and about 25 h in result paragraph,as reported (minutes/hours),source-reported phase/task summary; atomic boundaries are in time_ontology.csv,NR,16-DoF D'Hand on 6-DoF Sawyer arm,"PDF p.1 abstract; pp.5–8 Secs. V-B and VI-C, Fig. 12",A,mixed_or_ambiguous,Summary index only; values across phases or tasks must not be added. Time boundary is source-specific and is not automatically an end-to-end lifecycle cost. Only one long run per task; paper contains 25 h versus over-30 h wording for pipe setup/result
QE-EFF-0266,gupta2021resetfreemtl,physical_interaction,physical_steps_or_transitions,NR,NR,NR,NR,16-DoF D'Hand on 6-DoF Sawyer arm,"PDF p.1 abstract; pp.5–8 Secs. V-B and VI-C, Fig. 12",A,not_reported,Metric is NR in the verified source audit; NR is not zero. Only one long run per task; paper contains 25 h versus over-30 h wording for pipe setup/result
QE-EFF-0267,gupta2021resetfreemtl,physical_interaction,physical_episodes_or_rollouts,NR,NR,NR,NR,16-DoF D'Hand on 6-DoF Sawyer arm,"PDF p.1 abstract; pp.5–8 Secs. V-B and VI-C, Fig. 12",A,not_reported,Metric is NR in the verified source audit; NR is not zero. Only one long run per task; paper contains 25 h versus over-30 h wording for pipe setup/result
QE-EFF-0268,gupta2021resetfreemtl,control,control_frequency,NR,NR,NR,NR,16-DoF D'Hand on 6-DoF Sawyer arm,"PDF p.1 abstract; pp.5–8 Secs. V-B and VI-C, Fig. 12",A,not_reported,Metric is NR in the verified source audit; NR is not zero. Only one long run per task; paper contains 25 h versus over-30 h wording for pipe setup/result
QE-EFF-0269,gupta2021resetfreemtl,time,active_or_aggregate_robot_hours,60; 25–30 by task,robot-hours,reported physical interaction or corpus-collection scope,NR,16-DoF D'Hand on 6-DoF Sawyer arm,"PDF p.1 abstract; pp.5–8 Secs. V-B and VI-C, Fig. 12",A,source_reported,Time boundary is source-specific and is not automatically an end-to-end lifecycle cost. Only one long run per task; paper contains 25 h versus over-30 h wording for pipe setup/result
QE-EFF-0270,gupta2021resetfreemtl,time,elapsed_wall_clock,same as uninterrupted run durations,elapsed minutes/hours,"reported run or task; inclusion of setup, reset, compute, and downtime is source-specific",NR,16-DoF D'Hand on 6-DoF Sawyer arm,"PDF p.1 abstract; pp.5–8 Secs. V-B and VI-C, Fig. 12",A,mixed_or_ambiguous,Time boundary is source-specific and is not automatically an end-to-end lifecycle cost. Only one long run per task; paper contains 25 h versus over-30 h wording for pipe setup/result
QE-EFF-0271,gupta2021resetfreemtl,parallelism,primary_data_robot_count,1,robots,primary learner or physical data-collection fleet; helper/reset/evaluation hardware is separated in hardware_roles.csv,NR,16-DoF D'Hand on 6-DoF Sawyer arm,"PDF p.1 abstract; pp.5–8 Secs. V-B and VI-C, Fig. 12",A,source_reported,Elapsed speedup and aggregate robot-hours must be separated. Only one long run per task; paper contains 25 h versus over-30 h wording for pipe setup/result
QE-EFF-0272,gupta2021resetfreemtl,compute,reported_compute_resource_or_duration,NR,NR,NR,NR,16-DoF D'Hand on 6-DoF Sawyer arm,"PDF p.1 abstract; pp.5–8 Secs. V-B and VI-C, Fig. 12",A,not_reported,Metric is NR in the verified source audit; NR is not zero. Only one long run per task; paper contains 25 h versus over-30 h wording for pipe setup/result
QE-EFF-0273,gupta2021resetfreemtl,human_input,demonstration_count,0,demonstrations/trajectories,per task or aggregate exactly as stated in value,NR,16-DoF D'Hand on 6-DoF Sawyer arm,"PDF p.1 abstract; pp.5–8 Secs. V-B and VI-C, Fig. 12",A,source_reported,"Demonstration count does not report collection skill, duration, discarded attempts, or labeling cost. Only one long run per task; paper contains 25 h versus over-30 h wording for pipe setup/result"
QE-EFF-0274,gupta2021resetfreemtl,evaluation,evaluation_trial_count,NR,NR,NR,NR,16-DoF D'Hand on 6-DoF Sawyer arm,"PDF p.1 abstract; pp.5–8 Secs. V-B and VI-C, Fig. 12",A,not_reported,Metric is NR in the verified source audit; NR is not zero. Only one long run per task; paper contains 25 h versus over-30 h wording for pipe setup/result
QE-EFF-0275,gupta2021resetfreemtl,performance,reported_success_result,in-hand reorientation exceeds 70%; pipe insertion exceeds 60%,task-defined success/result,success definition recorded for the work,NR,16-DoF D'Hand on 6-DoF Sawyer arm,"PDF p.1 abstract; pp.5–8 Secs. V-B and VI-C, Fig. 12",A,source_reported,Task-specific evaluation definitions and denominators limit cross-work comparison. Only one long run per task; paper contains 25 h versus over-30 h wording for pipe setup/result
QE-EFF-0276,yang2020dataefficientlegged,time,reported_phase_duration,4.5 min interaction; approximately 10 min total robot experiment including setup,as reported (minutes/hours),source-reported phase/task summary; atomic boundaries are in time_ontology.csv,NR,Ghost Robotics Minitaur,PDF p.2 contribution summary; p.8 conclusion,A,source_reported_approximate,Summary index only; values across phases or tasks must not be added. Time boundary is source-specific and is not automatically an end-to-end lifecycle cost. Single hardware run and success criterion not expressed as a large evaluation set
QE-EFF-0277,yang2020dataefficientlegged,physical_interaction,physical_steps_or_transitions,45000,steps/transitions,reported physical collection or fine-tuning scope,NR,Ghost Robotics Minitaur,PDF p.2 contribution summary; p.8 conclusion,A,source_reported,Single hardware run and success criterion not expressed as a large evaluation set
QE-EFF-0278,yang2020dataefficientlegged,physical_interaction,physical_episodes_or_rollouts,36,episodes/rollouts/attempts,"reported physical collection, controller tests, or task run",NR,Ghost Robotics Minitaur,PDF p.2 contribution summary; p.8 conclusion,A,source_reported,Single hardware run and success criterion not expressed as a large evaluation set
QE-EFF-0279,yang2020dataefficientlegged,control,control_frequency,NR,NR,NR,NR,Ghost Robotics Minitaur,PDF p.2 contribution summary; p.8 conclusion,A,not_reported,Metric is NR in the verified source audit; NR is not zero. Single hardware run and success criterion not expressed as a large evaluation set
QE-EFF-0280,yang2020dataefficientlegged,time,active_or_aggregate_robot_hours,0.075 interaction-hours,robot-hours,reported physical interaction or corpus-collection scope,NR,Ghost Robotics Minitaur,PDF p.2 contribution summary; p.8 conclusion,A,derived,Time boundary is source-specific and is not automatically an end-to-end lifecycle cost. Single hardware run and success criterion not expressed as a large evaluation set
QE-EFF-0281,yang2020dataefficientlegged,time,elapsed_wall_clock,approximately 0.167,elapsed minutes/hours,"reported run or task; inclusion of setup, reset, compute, and downtime is source-specific",NR,Ghost Robotics Minitaur,PDF p.2 contribution summary; p.8 conclusion,A,derived,Time boundary is source-specific and is not automatically an end-to-end lifecycle cost. Single hardware run and success criterion not expressed as a large evaluation set
QE-EFF-0282,yang2020dataefficientlegged,parallelism,primary_data_robot_count,1,robots,primary learner or physical data-collection fleet; helper/reset/evaluation hardware is separated in hardware_roles.csv,NR,Ghost Robotics Minitaur,PDF p.2 contribution summary; p.8 conclusion,A,source_reported,Elapsed speedup and aggregate robot-hours must be separated. Single hardware run and success criterion not expressed as a large evaluation set
QE-EFF-0283,yang2020dataefficientlegged,compute,reported_compute_resource_or_duration,NR,NR,NR,NR,Ghost Robotics Minitaur,PDF p.2 contribution summary; p.8 conclusion,A,not_reported,Metric is NR in the verified source audit; NR is not zero. Single hardware run and success criterion not expressed as a large evaluation set
QE-EFF-0284,yang2020dataefficientlegged,human_input,demonstration_count,0,demonstrations/trajectories,per task or aggregate exactly as stated in value,NR,Ghost Robotics Minitaur,PDF p.2 contribution summary; p.8 conclusion,A,source_reported,"Demonstration count does not report collection skill, duration, discarded attempts, or labeling cost. Single hardware run and success criterion not expressed as a large evaluation set"
QE-EFF-0285,yang2020dataefficientlegged,evaluation,evaluation_trial_count,NR,NR,NR,NR,Ghost Robotics Minitaur,PDF p.2 contribution summary; p.8 conclusion,A,not_reported,Metric is NR in the verified source audit; NR is not zero. Single hardware run and success criterion not expressed as a large evaluation set
QE-EFF-0286,yang2020dataefficientlegged,performance,reported_success_result,working controller from 36 rollouts and 45k control steps,task-defined success/result,success definition recorded for the work,NR,Ghost Robotics Minitaur,PDF p.2 contribution summary; p.8 conclusion,A,source_reported,Task-specific evaluation definitions and denominators limit cross-work comparison. Single hardware run and success criterion not expressed as a large evaluation set
QE-EFF-0287,nagabandi2019metarl,time,reported_phase_duration,approximately 30 min per meta-training terrain,as reported (minutes/hours),source-reported phase/task summary; atomic boundaries are in time_ontology.csv,NR,six-legged millirobot,PDF p.9 Sec. 5.4,A,source_reported_approximate,Summary index only; values across phases or tasks must not be added. Time boundary is source-specific and is not automatically an end-to-end lifecycle cost. 90 min is a derived sum; real evaluation counts and labor minutes NR
QE-EFF-0288,nagabandi2019metarl,physical_interaction,physical_steps_or_transitions,NR,NR,NR,NR,six-legged millirobot,PDF p.9 Sec. 5.4,A,not_reported,Metric is NR in the verified source audit; NR is not zero. 90 min is a derived sum; real evaluation counts and labor minutes NR
QE-EFF-0289,nagabandi2019metarl,physical_interaction,physical_episodes_or_rollouts,NR,NR,NR,NR,six-legged millirobot,PDF p.9 Sec. 5.4,A,not_reported,Metric is NR in the verified source audit; NR is not zero. 90 min is a derived sum; real evaluation counts and labor minutes NR
QE-EFF-0290,nagabandi2019metarl,control,control_frequency,10,Hz,physical action/control loop where reported,NR,six-legged millirobot,PDF p.9 Sec. 5.4,A,source_reported,90 min is a derived sum; real evaluation counts and labor minutes NR
QE-EFF-0291,nagabandi2019metarl,time,active_or_aggregate_robot_hours,approximately 1.5 derived meta-training robot-hours,robot-hours,reported physical interaction or corpus-collection scope,NR,six-legged millirobot,PDF p.9 Sec. 5.4,A,derived,Time boundary is source-specific and is not automatically an end-to-end lifecycle cost. 90 min is a derived sum; real evaluation counts and labor minutes NR
QE-EFF-0292,nagabandi2019metarl,time,elapsed_wall_clock,approximately 1.5 derived collection time,elapsed minutes/hours,"reported run or task; inclusion of setup, reset, compute, and downtime is source-specific",NR,six-legged millirobot,PDF p.9 Sec. 5.4,A,derived,Time boundary is source-specific and is not automatically an end-to-end lifecycle cost. 90 min is a derived sum; real evaluation counts and labor minutes NR
QE-EFF-0293,nagabandi2019metarl,parallelism,primary_data_robot_count,1,robots,primary learner or physical data-collection fleet; helper/reset/evaluation hardware is separated in hardware_roles.csv,NR,six-legged millirobot,PDF p.9 Sec. 5.4,A,source_reported,Elapsed speedup and aggregate robot-hours must be separated. 90 min is a derived sum; real evaluation counts and labor minutes NR
QE-EFF-0294,nagabandi2019metarl,compute,reported_compute_resource_or_duration,NR,NR,NR,NR,six-legged millirobot,PDF p.9 Sec. 5.4,A,not_reported,Metric is NR in the verified source audit; NR is not zero. 90 min is a derived sum; real evaluation counts and labor minutes NR
QE-EFF-0295,nagabandi2019metarl,human_input,demonstration_count,0,demonstrations/trajectories,per task or aggregate exactly as stated in value,NR,six-legged millirobot,PDF p.9 Sec. 5.4,A,source_reported,"Demonstration count does not report collection skill, duration, discarded attempts, or labeling cost. 90 min is a derived sum; real evaluation counts and labor minutes NR"
QE-EFF-0296,nagabandi2019metarl,evaluation,evaluation_trial_count,plot-based,trials/rollouts/windows/checkpoints,reported task or policy evaluation,NR,six-legged millirobot,PDF p.9 Sec. 5.4,A,source_reported_approximate,Task-specific evaluation definitions and denominators limit cross-work comparison. 90 min is a derived sum; real evaluation counts and labor minutes NR
QE-EFF-0297,nagabandi2019metarl,performance,reported_success_result,adaptation improves performance on held-out physical terrain; exact endpoint is plot-based,task-defined success/result,success definition recorded for the work,NR,six-legged millirobot,PDF p.9 Sec. 5.4,A,source_reported_approximate,Task-specific evaluation definitions and denominators limit cross-work comparison. 90 min is a derived sum; real evaluation counts and labor minutes NR
QE-EFF-0298,cully2015adaptanimals,time,reported_phase_duration,less than 2 min adaptation,as reported (minutes/hours),source-reported phase/task summary; atomic boundaries are in time_ontology.csv,NR,six-legged robot and robot arm,PDF p.1 abstract; Methods pp.18 and 20,A,source_reported_approximate,Summary index only; values across phases or tasks must not be added. Time boundary is source-specific and is not automatically an end-to-end lifecycle cost. Not from-scratch RL; main efficiency result depends on a large simulated behavior map
QE-EFF-0299,cully2015adaptanimals,physical_interaction,physical_steps_or_transitions,NR,NR,NR,NR,six-legged robot and robot arm,PDF p.1 abstract; Methods pp.18 and 20,A,not_reported,Metric is NR in the verified source audit; NR is not zero. Not from-scratch RL; main efficiency result depends on a large simulated behavior map
QE-EFF-0300,cully2015adaptanimals,physical_interaction,physical_episodes_or_rollouts,at most 20–30 controller evaluations,episodes/rollouts/attempts,"reported physical collection, controller tests, or task run",NR,six-legged robot and robot arm,PDF p.1 abstract; Methods pp.18 and 20,A,source_reported_approximate,Not from-scratch RL; main efficiency result depends on a large simulated behavior map
QE-EFF-0301,cully2015adaptanimals,control,control_frequency,NR,NR,NR,NR,six-legged robot and robot arm,PDF p.1 abstract; Methods pp.18 and 20,A,not_reported,Metric is NR in the verified source audit; NR is not zero. Not from-scratch RL; main efficiency result depends on a large simulated behavior map
QE-EFF-0302,cully2015adaptanimals,time,active_or_aggregate_robot_hours,NR,NR,NR,NR,six-legged robot and robot arm,PDF p.1 abstract; Methods pp.18 and 20,A,not_reported,Metric is NR in the verified source audit; NR is not zero. Not from-scratch RL; main efficiency result depends on a large simulated behavior map
QE-EFF-0303,cully2015adaptanimals,time,elapsed_wall_clock,less than 0.033 adaptation-hours,elapsed minutes/hours,"reported run or task; inclusion of setup, reset, compute, and downtime is source-specific",NR,six-legged robot and robot arm,PDF p.1 abstract; Methods pp.18 and 20,A,derived,Time boundary is source-specific and is not automatically an end-to-end lifecycle cost. Not from-scratch RL; main efficiency result depends on a large simulated behavior map
QE-EFF-0304,cully2015adaptanimals,parallelism,primary_data_robot_count,1,robots,primary learner or physical data-collection fleet; helper/reset/evaluation hardware is separated in hardware_roles.csv,NR,six-legged robot and robot arm,PDF p.1 abstract; Methods pp.18 and 20,A,source_reported,Elapsed speedup and aggregate robot-hours must be separated. Not from-scratch RL; main efficiency result depends on a large simulated behavior map
QE-EFF-0305,cully2015adaptanimals,compute,reported_compute_resource_or_duration,large offline simulation and map generation,qualitative compute burden,offline repertoire construction,NR,six-legged robot and robot arm,PDF p.1 abstract; Methods pp.18 and 20,A,source_reported,Compute descriptions are not hardware-normalized and missing compute is not zero. Not from-scratch RL; main efficiency result depends on a large simulated behavior map
QE-EFF-0306,cully2015adaptanimals,human_input,demonstration_count,0,demonstrations/trajectories,per task or aggregate exactly as stated in value,NR,six-legged robot and robot arm,PDF p.1 abstract; Methods pp.18 and 20,A,source_reported,"Demonstration count does not report collection skill, duration, discarded attempts, or labeling cost. Not from-scratch RL; main efficiency result depends on a large simulated behavior map"
QE-EFF-0307,cully2015adaptanimals,evaluation,evaluation_trial_count,15,trials/rollouts/windows/checkpoints,reported task or policy evaluation,NR,six-legged robot and robot arm,PDF p.1 abstract; Methods pp.18 and 20,A,source_reported,Task-specific evaluation definitions and denominators limit cross-work comparison. Not from-scratch RL; main efficiency result depends on a large simulated behavior map
QE-EFF-0308,cully2015adaptanimals,performance,reported_success_result,adaptation in less than 2 min; search stops after at most 20–30 physical tests depending experiment,task-defined success/result,success definition recorded for the work,NR,six-legged robot and robot arm,PDF p.1 abstract; Methods pp.18 and 20,A,source_reported_approximate,Task-specific evaluation definitions and denominators limit cross-work comparison. Not from-scratch RL; main efficiency result depends on a large simulated behavior map
QE-EFF-0309,chatzilygeroudis2017blackdrops,time,reported_phase_duration,NR,NR,NR,NR,low-cost Dynamixel manipulator,Correct PDF p.7 real-robot experiment; p.8 computational-cost discussion,A,not_reported,Summary index only; values across phases or tasks must not be added. Metric is NR in the verified source audit; NR is not zero. One physical task with limited repeat accounting; compute timing is from simulation
QE-EFF-0310,chatzilygeroudis2017blackdrops,physical_interaction,physical_steps_or_transitions,NR,NR,NR,NR,low-cost Dynamixel manipulator,Correct PDF p.7 real-robot experiment; p.8 computational-cost discussion,A,not_reported,Metric is NR in the verified source audit; NR is not zero. One physical task with limited repeat accounting; compute timing is from simulation
QE-EFF-0311,chatzilygeroudis2017blackdrops,physical_interaction,physical_episodes_or_rollouts,5-6,episodes/rollouts/attempts,"reported physical collection, controller tests, or task run",NR,low-cost Dynamixel manipulator,Correct PDF p.7 real-robot experiment; p.8 computational-cost discussion,A,source_reported,One physical task with limited repeat accounting; compute timing is from simulation
QE-EFF-0312,chatzilygeroudis2017blackdrops,control,control_frequency,NR,NR,NR,NR,low-cost Dynamixel manipulator,Correct PDF p.7 real-robot experiment; p.8 computational-cost discussion,A,not_reported,Metric is NR in the verified source audit; NR is not zero. One physical task with limited repeat accounting; compute timing is from simulation
QE-EFF-0313,chatzilygeroudis2017blackdrops,time,active_or_aggregate_robot_hours,NR,NR,NR,NR,low-cost Dynamixel manipulator,Correct PDF p.7 real-robot experiment; p.8 computational-cost discussion,A,not_reported,Metric is NR in the verified source audit; NR is not zero. One physical task with limited repeat accounting; compute timing is from simulation
QE-EFF-0314,chatzilygeroudis2017blackdrops,time,elapsed_wall_clock,NR,NR,NR,NR,low-cost Dynamixel manipulator,Correct PDF p.7 real-robot experiment; p.8 computational-cost discussion,A,not_reported,Metric is NR in the verified source audit; NR is not zero. One physical task with limited repeat accounting; compute timing is from simulation
QE-EFF-0315,chatzilygeroudis2017blackdrops,parallelism,primary_data_robot_count,1,robots,primary learner or physical data-collection fleet; helper/reset/evaluation hardware is separated in hardware_roles.csv,NR,low-cost Dynamixel manipulator,Correct PDF p.7 real-robot experiment; p.8 computational-cost discussion,A,source_reported,Elapsed speedup and aggregate robot-hours must be separated. One physical task with limited repeat accounting; compute timing is from simulation
QE-EFF-0316,chatzilygeroudis2017blackdrops,compute,reported_compute_resource_or_duration,optimization example reports approximately 25 min for eight simulated cart-pole episodes on 12 cores; not physical time,hardware or compute-time as reported,"reported training job, model, or online system",NR,low-cost Dynamixel manipulator,Correct PDF p.7 real-robot experiment; p.8 computational-cost discussion,A,source_reported_approximate,Compute descriptions are not hardware-normalized and missing compute is not zero. One physical task with limited repeat accounting; compute timing is from simulation
QE-EFF-0317,chatzilygeroudis2017blackdrops,human_input,demonstration_count,0,demonstrations/trajectories,per task or aggregate exactly as stated in value,NR,low-cost Dynamixel manipulator,Correct PDF p.7 real-robot experiment; p.8 computational-cost discussion,A,source_reported,"Demonstration count does not report collection skill, duration, discarded attempts, or labeling cost. One physical task with limited repeat accounting; compute timing is from simulation"
QE-EFF-0318,chatzilygeroudis2017blackdrops,evaluation,evaluation_trial_count,NR,NR,NR,NR,low-cost Dynamixel manipulator,Correct PDF p.7 real-robot experiment; p.8 computational-cost discussion,A,not_reported,Metric is NR in the verified source audit; NR is not zero. One physical task with limited repeat accounting; compute timing is from simulation
QE-EFF-0319,chatzilygeroudis2017blackdrops,performance,reported_success_result,working physical policy within five episodes including one initial random episode; high-quality behavior by six episodes,task-defined success/result,success definition recorded for the work,NR,low-cost Dynamixel manipulator,Correct PDF p.7 real-robot experiment; p.8 computational-cost discussion,A,source_reported,Task-specific evaluation definitions and denominators limit cross-work comparison. One physical task with limited repeat accounting; compute timing is from simulation
QE-EFF-0320,johannink2019residual,time,reported_phase_duration,approximately 3 h for 8k-sample real run; simulation-initialized residual below 1k real timesteps,as reported (minutes/hours),source-reported phase/task summary; atomic boundaries are in time_ontology.csv,NR,Sawyer robot,PDF pp.5–6 Sec. IV and physical result figures,A,source_reported_approximate,Summary index only; values across phases or tasks must not be added. Time boundary is source-specific and is not automatically an end-to-end lifecycle cost. Elapsed time given for one variant; reset/operator cost NR
QE-EFF-0321,johannink2019residual,physical_interaction,physical_steps_or_transitions,8000,steps/transitions,reported physical collection or fine-tuning scope,NR,Sawyer robot,PDF pp.5–6 Sec. IV and physical result figures,A,source_reported,Elapsed time given for one variant; reset/operator cost NR
QE-EFF-0322,johannink2019residual,physical_interaction,physical_episodes_or_rollouts,NR,NR,NR,NR,Sawyer robot,PDF pp.5–6 Sec. IV and physical result figures,A,not_reported,Metric is NR in the verified source audit; NR is not zero. Elapsed time given for one variant; reset/operator cost NR
QE-EFF-0323,johannink2019residual,control,control_frequency,NR,NR,NR,NR,Sawyer robot,PDF pp.5–6 Sec. IV and physical result figures,A,not_reported,Metric is NR in the verified source audit; NR is not zero. Elapsed time given for one variant; reset/operator cost NR
QE-EFF-0324,johannink2019residual,time,active_or_aggregate_robot_hours,approximately 3,robot-hours,reported physical interaction or corpus-collection scope,NR,Sawyer robot,PDF pp.5–6 Sec. IV and physical result figures,A,source_reported_approximate,Time boundary is source-specific and is not automatically an end-to-end lifecycle cost. Elapsed time given for one variant; reset/operator cost NR
QE-EFF-0325,johannink2019residual,time,elapsed_wall_clock,approximately 3,elapsed minutes/hours,"reported run or task; inclusion of setup, reset, compute, and downtime is source-specific",NR,Sawyer robot,PDF pp.5–6 Sec. IV and physical result figures,A,source_reported_approximate,Time boundary is source-specific and is not automatically an end-to-end lifecycle cost. Elapsed time given for one variant; reset/operator cost NR
QE-EFF-0326,johannink2019residual,parallelism,primary_data_robot_count,1,robots,primary learner or physical data-collection fleet; helper/reset/evaluation hardware is separated in hardware_roles.csv,NR,Sawyer robot,PDF pp.5–6 Sec. IV and physical result figures,A,source_reported,Elapsed speedup and aggregate robot-hours must be separated. Elapsed time given for one variant; reset/operator cost NR
QE-EFF-0327,johannink2019residual,compute,reported_compute_resource_or_duration,NR,NR,NR,NR,Sawyer robot,PDF pp.5–6 Sec. IV and physical result figures,A,not_reported,Metric is NR in the verified source audit; NR is not zero. Elapsed time given for one variant; reset/operator cost NR
QE-EFF-0328,johannink2019residual,human_input,demonstration_count,0,demonstrations/trajectories,per task or aggregate exactly as stated in value,NR,Sawyer robot,PDF pp.5–6 Sec. IV and physical result figures,A,source_reported,"Demonstration count does not report collection skill, duration, discarded attempts, or labeling cost. Elapsed time given for one variant; reset/operator cost NR"
QE-EFF-0329,johannink2019residual,evaluation,evaluation_trial_count,20,trials/rollouts/windows/checkpoints,reported task or policy evaluation,NR,Sawyer robot,PDF pp.5–6 Sec. IV and physical result figures,A,source_reported,Task-specific evaluation definitions and denominators limit cross-work comparison. Elapsed time given for one variant; reset/operator cost NR
QE-EFF-0330,johannink2019residual,performance,reported_success_result,residual policy achieves 15/20 successes versus 2/20 for hand-engineered controller,task-defined success/result,success definition recorded for the work,Comparator embedded in value; use the same task/protocol and inspect locator,Sawyer robot,PDF pp.5–6 Sec. IV and physical result figures,A,source_reported,Task-specific evaluation definitions and denominators limit cross-work comparison. Elapsed time given for one variant; reset/operator cost NR
QE-EFF-0331,zhou2023realorl,time,reported_phase_duration,NR,NR,NR,NR,real robot manipulation platform,PDF pp.1–2 abstract/introduction; p.5 dataset table; p.10 appendix summary; p.16 compute appendix,A,not_reported,Summary index only; values across phases or tasks must not be added. Metric is NR in the verified source audit; NR is not zero. Dataset totals combine training and evaluation; platform count and wall-clock program length NR
QE-EFF-0332,zhou2023realorl,physical_interaction,physical_steps_or_transitions,NR,NR,NR,NR,real robot manipulation platform,PDF pp.1–2 abstract/introduction; p.5 dataset table; p.10 appendix summary; p.16 compute appendix,A,not_reported,Metric is NR in the verified source audit; NR is not zero. Dataset totals combine training and evaluation; platform count and wall-clock program length NR
QE-EFF-0333,zhou2023realorl,physical_interaction,physical_episodes_or_rollouts,more than 6500 total train/evaluation trajectories,episodes/rollouts/attempts,"reported physical collection, controller tests, or task run",NR,real robot manipulation platform,PDF pp.1–2 abstract/introduction; p.5 dataset table; p.10 appendix summary; p.16 compute appendix,A,source_reported_approximate,Dataset totals combine training and evaluation; platform count and wall-clock program length NR
QE-EFF-0334,zhou2023realorl,control,control_frequency,NR,NR,NR,NR,real robot manipulation platform,PDF pp.1–2 abstract/introduction; p.5 dataset table; p.10 appendix summary; p.16 compute appendix,A,not_reported,Metric is NR in the verified source audit; NR is not zero. Dataset totals combine training and evaluation; platform count and wall-clock program length NR
QE-EFF-0335,zhou2023realorl,time,active_or_aggregate_robot_hours,more than 800,robot-hours,reported physical interaction or corpus-collection scope,NR,real robot manipulation platform,PDF pp.1–2 abstract/introduction; p.5 dataset table; p.10 appendix summary; p.16 compute appendix,A,source_reported_approximate,Time boundary is source-specific and is not automatically an end-to-end lifecycle cost. Dataset totals combine training and evaluation; platform count and wall-clock program length NR
QE-EFF-0336,zhou2023realorl,time,elapsed_wall_clock,NR,NR,NR,NR,real robot manipulation platform,PDF pp.1–2 abstract/introduction; p.5 dataset table; p.10 appendix summary; p.16 compute appendix,A,not_reported,Program elapsed wall-clock is not reported; the separately reported algorithm compute duration is not a substitute. NR is not zero.
QE-EFF-0337,zhou2023realorl,parallelism,primary_data_robot_count,NR,NR,NR,NR,real robot manipulation platform,PDF pp.1–2 abstract/introduction; p.5 dataset table; p.10 appendix summary; p.16 compute appendix,A,not_reported,Metric is NR in the verified source audit; NR is not zero. Dataset totals combine training and evaluation; platform count and wall-clock program length NR
QE-EFF-0338,zhou2023realorl,compute,reported_compute_resource_or_duration,BC about 3 min; MOReL about 4 h; AWAC about 12 h; IQL 10–24 h; seed sweep about 70 h,hardware or compute-time as reported,"reported training job, model, or online system",NR,real robot manipulation platform,PDF pp.1–2 abstract/introduction; p.5 dataset table; p.10 appendix summary; p.16 compute appendix,A,source_reported_approximate,Compute descriptions are not hardware-normalized and missing compute is not zero. Dataset totals combine training and evaluation; platform count and wall-clock program length NR
QE-EFF-0339,zhou2023realorl,human_input,demonstration_count,0,demonstrations/trajectories,per task or aggregate exactly as stated in value,NR,real robot manipulation platform,PDF pp.1–2 abstract/introduction; p.5 dataset table; p.10 appendix summary; p.16 compute appendix,A,source_reported,"Demonstration count does not report collection skill, duration, discarded attempts, or labeling cost. Dataset totals combine training and evaluation; platform count and wall-clock program length NR"
QE-EFF-0340,zhou2023realorl,evaluation,evaluation_trial_count,12,trials/rollouts/windows/checkpoints,reported task or policy evaluation,NR,real robot manipulation platform,PDF pp.1–2 abstract/introduction; p.5 dataset table; p.10 appendix summary; p.16 compute appendix,A,source_reported,Task-specific evaluation definitions and denominators limit cross-work comparison. Dataset totals combine training and evaluation; platform count and wall-clock program length NR
QE-EFF-0341,zhou2023realorl,performance,reported_success_result,method-specific success values in result tables; corpus scale is the primary cost evidence,task-defined success/result,success definition recorded for the work,NR,real robot manipulation platform,PDF pp.1–2 abstract/introduction; p.5 dataset table; p.10 appendix summary; p.16 compute appendix,A,source_reported,Task-specific evaluation definitions and denominators limit cross-work comparison. Dataset totals combine training and evaluation; platform count and wall-clock program length NR
QE-EFF-0342,wurss2023locality,time,reported_phase_duration,approximately 20 min wall-clock; approximately 17 min interaction,as reported (minutes/hours),source-reported phase/task summary; atomic boundaries are in time_ontology.csv,NR,Unitree Go1,PDF p.1 abstract; p.2 Table I; p.3 system; pp.5–6 Secs. IV–V,A,source_reported_approximate,Summary index only; values across phases or tasks must not be added. Time boundary is source-specific and is not automatically an end-to-end lifecycle cost. Four repeated flat-ground runs but matched algorithm ablations are primarily simulated
QE-EFF-0343,wurss2023locality,physical_interaction,physical_steps_or_transitions,20000,steps/transitions,reported physical collection or fine-tuning scope,NR,Unitree Go1,PDF p.1 abstract; p.2 Table I; p.3 system; pp.5–6 Secs. IV–V,A,source_reported,Four repeated flat-ground runs but matched algorithm ablations are primarily simulated
QE-EFF-0344,wurss2023locality,physical_interaction,physical_episodes_or_rollouts,NR,NR,NR,NR,Unitree Go1,PDF p.1 abstract; p.2 Table I; p.3 system; pp.5–6 Secs. IV–V,A,not_reported,Metric is NR in the verified source audit; NR is not zero. Four repeated flat-ground runs but matched algorithm ablations are primarily simulated
QE-EFF-0345,wurss2023locality,control,control_frequency,1000 steps approximately 1 min,Hz,physical action/control loop where reported,NR,Unitree Go1,PDF p.1 abstract; p.2 Table I; p.3 system; pp.5–6 Secs. IV–V,A,source_reported_approximate,Four repeated flat-ground runs but matched algorithm ablations are primarily simulated
QE-EFF-0346,wurss2023locality,time,active_or_aggregate_robot_hours,approximately 0.283 interaction-hours,robot-hours,reported physical interaction or corpus-collection scope,NR,Unitree Go1,PDF p.1 abstract; p.2 Table I; p.3 system; pp.5–6 Secs. IV–V,A,derived,Time boundary is source-specific and is not automatically an end-to-end lifecycle cost. Four repeated flat-ground runs but matched algorithm ablations are primarily simulated
QE-EFF-0347,wurss2023locality,time,elapsed_wall_clock,approximately 0.333,elapsed minutes/hours,"reported run or task; inclusion of setup, reset, compute, and downtime is source-specific",NR,Unitree Go1,PDF p.1 abstract; p.2 Table I; p.3 system; pp.5–6 Secs. IV–V,A,derived,Time boundary is source-specific and is not automatically an end-to-end lifecycle cost. Four repeated flat-ground runs but matched algorithm ablations are primarily simulated
QE-EFF-0348,wurss2023locality,parallelism,primary_data_robot_count,1,robots,primary learner or physical data-collection fleet; helper/reset/evaluation hardware is separated in hardware_roles.csv,NR,Unitree Go1,PDF p.1 abstract; p.2 Table I; p.3 system; pp.5–6 Secs. IV–V,A,source_reported,Elapsed speedup and aggregate robot-hours must be separated. Four repeated flat-ground runs but matched algorithm ablations are primarily simulated
QE-EFF-0349,wurss2023locality,compute,reported_compute_resource_or_duration,single-GPU laptop,hardware or compute-time as reported,"reported training job, model, or online system",NR,Unitree Go1,PDF p.1 abstract; p.2 Table I; p.3 system; pp.5–6 Secs. IV–V,A,source_reported,Compute descriptions are not hardware-normalized and missing compute is not zero. Four repeated flat-ground runs but matched algorithm ablations are primarily simulated
QE-EFF-0350,wurss2023locality,human_input,demonstration_count,0,demonstrations/trajectories,per task or aggregate exactly as stated in value,NR,Unitree Go1,PDF p.1 abstract; p.2 Table I; p.3 system; pp.5–6 Secs. IV–V,A,source_reported,"Demonstration count does not report collection skill, duration, discarded attempts, or labeling cost. Four repeated flat-ground runs but matched algorithm ablations are primarily simulated"
QE-EFF-0351,wurss2023locality,evaluation,evaluation_trial_count,NR,NR,NR,NR,Unitree Go1,PDF p.1 abstract; p.2 Table I; p.3 system; pp.5–6 Secs. IV–V,A,not_reported,Metric is NR in the verified source audit; NR is not zero. Four repeated flat-ground runs but matched algorithm ablations are primarily simulated
QE-EFF-0352,wurss2023locality,performance,reported_success_result,below 20k samples and approximately 20 min elapsed; approximately 17 min is interaction,task-defined success/result,success definition recorded for the work,NR,Unitree Go1,PDF p.1 abstract; p.2 Table I; p.3 system; pp.5–6 Secs. IV–V,A,source_reported_approximate,Task-specific evaluation definitions and denominators limit cross-work comparison. Four repeated flat-ground runs but matched algorithm ablations are primarily simulated
QE-EFF-0353,lancaster2024modemv2,time,reported_phase_duration,8 min planar; 8 min incline; 70 min reorientation; 140 min bin picking,as reported (minutes/hours),source-reported phase/task summary; atomic boundaries are in time_ontology.csv,NR,Franka robot,PDF pp.5–6 Sec. IV and time figure; pp.9–10 appendix,A,source_reported,Summary index only; values across phases or tasks must not be added. Time boundary is source-specific and is not automatically an end-to-end lifecycle cost. One main run per task; elapsed setup and demonstration-collection time NR
QE-EFF-0354,lancaster2024modemv2,physical_interaction,physical_steps_or_transitions,NR,NR,NR,NR,Franka robot,PDF pp.5–6 Sec. IV and time figure; pp.9–10 appendix,A,not_reported,Metric is NR in the verified source audit; NR is not zero. One main run per task; elapsed setup and demonstration-collection time NR
QE-EFF-0355,lancaster2024modemv2,physical_interaction,physical_episodes_or_rollouts,NR,NR,NR,NR,Franka robot,PDF pp.5–6 Sec. IV and time figure; pp.9–10 appendix,A,not_reported,Metric is NR in the verified source audit; NR is not zero. One main run per task; elapsed setup and demonstration-collection time NR
QE-EFF-0356,lancaster2024modemv2,control,control_frequency,12.5,Hz,physical action/control loop where reported,NR,Franka robot,PDF pp.5–6 Sec. IV and time figure; pp.9–10 appendix,A,source_reported,One main run per task; elapsed setup and demonstration-collection time NR
QE-EFF-0357,lancaster2024modemv2,time,active_or_aggregate_robot_hours,0.133; 0.133; 1.167; 2.333 by task,robot-hours,reported physical interaction or corpus-collection scope,NR,Franka robot,PDF pp.5–6 Sec. IV and time figure; pp.9–10 appendix,A,derived,Time boundary is source-specific and is not automatically an end-to-end lifecycle cost. One main run per task; elapsed setup and demonstration-collection time NR
QE-EFF-0358,lancaster2024modemv2,time,elapsed_wall_clock,same as disclosed data-collection times,elapsed minutes/hours,"reported run or task; inclusion of setup, reset, compute, and downtime is source-specific",NR,Franka robot,PDF pp.5–6 Sec. IV and time figure; pp.9–10 appendix,A,source_reported,Time boundary is source-specific and is not automatically an end-to-end lifecycle cost. One main run per task; elapsed setup and demonstration-collection time NR
QE-EFF-0359,lancaster2024modemv2,parallelism,primary_data_robot_count,1,robots,primary learner or physical data-collection fleet; helper/reset/evaluation hardware is separated in hardware_roles.csv,NR,Franka robot,PDF pp.5–6 Sec. IV and time figure; pp.9–10 appendix,A,source_reported,Elapsed speedup and aggregate robot-hours must be separated. One main run per task; elapsed setup and demonstration-collection time NR
QE-EFF-0360,lancaster2024modemv2,compute,reported_compute_resource_or_duration,NR,NR,NR,NR,Franka robot,PDF pp.5–6 Sec. IV and time figure; pp.9–10 appendix,A,not_reported,Metric is NR in the verified source audit; NR is not zero. One main run per task; elapsed setup and demonstration-collection time NR
QE-EFF-0361,lancaster2024modemv2,human_input,demonstration_count,10,demonstrations/trajectories,per task or aggregate exactly as stated in value,NR,Franka robot,PDF pp.5–6 Sec. IV and time figure; pp.9–10 appendix,A,source_reported,"Demonstration count does not report collection skill, duration, discarded attempts, or labeling cost. One main run per task; elapsed setup and demonstration-collection time NR"
QE-EFF-0362,lancaster2024modemv2,evaluation,evaluation_trial_count,30,trials/rollouts/windows/checkpoints,reported task or policy evaluation,NR,Franka robot,PDF pp.5–6 Sec. IV and time figure; pp.9–10 appendix,A,source_reported,Task-specific evaluation definitions and denominators limit cross-work comparison. One main run per task; elapsed setup and demonstration-collection time NR
QE-EFF-0363,lancaster2024modemv2,performance,reported_success_result,all four tasks learn useful policies; in-hand reorientation reaches about 40% after slightly over 1 h,task-defined success/result,success definition recorded for the work,NR,Franka robot,PDF pp.5–6 Sec. IV and time figure; pp.9–10 appendix,A,source_reported_approximate,Task-specific evaluation definitions and denominators limit cross-work comparison. One main run per task; elapsed setup and demonstration-collection time NR
QE-EFF-0364,sharma2023medalpp,time,reported_phase_duration,10–30 h per task,as reported (minutes/hours),source-reported phase/task summary; atomic boundaries are in time_ontology.csv,NR,Franka robot,PDF p.7 Figs. 5–6 and Table 6,A,source_reported,"Summary index only; values across phases or tasks must not be added. Time boundary is source-specific and is not automatically an end-to-end lifecycle cost. Operator minutes, exact reset counts and independent repeats NR"
QE-EFF-0365,sharma2023medalpp,physical_interaction,physical_steps_or_transitions,approximately 300000 transitions per task,steps/transitions,reported physical collection or fine-tuning scope,NR,Franka robot,PDF p.7 Figs. 5–6 and Table 6,A,source_reported_approximate,"Operator minutes, exact reset counts and independent repeats NR"
QE-EFF-0366,sharma2023medalpp,physical_interaction,physical_episodes_or_rollouts,NR,NR,NR,NR,Franka robot,PDF p.7 Figs. 5–6 and Table 6,A,not_reported,"Metric is NR in the verified source audit; NR is not zero. Operator minutes, exact reset counts and independent repeats NR"
QE-EFF-0367,sharma2023medalpp,control,control_frequency,NR,NR,NR,NR,Franka robot,PDF p.7 Figs. 5–6 and Table 6,A,not_reported,"Metric is NR in the verified source audit; NR is not zero. Operator minutes, exact reset counts and independent repeats NR"
QE-EFF-0368,sharma2023medalpp,time,active_or_aggregate_robot_hours,10–30 per task,robot-hours,reported physical interaction or corpus-collection scope,NR,Franka robot,PDF p.7 Figs. 5–6 and Table 6,A,source_reported,"Time boundary is source-specific and is not automatically an end-to-end lifecycle cost. Operator minutes, exact reset counts and independent repeats NR"
QE-EFF-0369,sharma2023medalpp,time,elapsed_wall_clock,10–30 per task,elapsed minutes/hours,"reported run or task; inclusion of setup, reset, compute, and downtime is source-specific",NR,Franka robot,PDF p.7 Figs. 5–6 and Table 6,A,source_reported,"Time boundary is source-specific and is not automatically an end-to-end lifecycle cost. Operator minutes, exact reset counts and independent repeats NR"
QE-EFF-0370,sharma2023medalpp,parallelism,primary_data_robot_count,1,robots,primary learner or physical data-collection fleet; helper/reset/evaluation hardware is separated in hardware_roles.csv,NR,Franka robot,PDF p.7 Figs. 5–6 and Table 6,A,source_reported,"Elapsed speedup and aggregate robot-hours must be separated. Operator minutes, exact reset counts and independent repeats NR"
QE-EFF-0371,sharma2023medalpp,compute,reported_compute_resource_or_duration,NR,NR,NR,NR,Franka robot,PDF p.7 Figs. 5–6 and Table 6,A,not_reported,"Metric is NR in the verified source audit; NR is not zero. Operator minutes, exact reset counts and independent repeats NR"
QE-EFF-0372,sharma2023medalpp,human_input,demonstration_count,100 per task: 50 forward plus 50 backward,demonstrations/trajectories,per task or aggregate exactly as stated in value,NR,Franka robot,PDF p.7 Figs. 5–6 and Table 6,A,source_reported,"Demonstration count does not report collection skill, duration, discarded attempts, or labeling cost. Operator minutes, exact reset counts and independent repeats NR"
QE-EFF-0373,sharma2023medalpp,evaluation,evaluation_trial_count,NR,NR,NR,NR,Franka robot,PDF p.7 Figs. 5–6 and Table 6,A,not_reported,"Metric is NR in the verified source audit; NR is not zero. Operator minutes, exact reset counts and independent repeats NR"
QE-EFF-0374,sharma2023medalpp,performance,reported_success_result,performance curves reported across four tasks after long autonomous runs,task-defined success/result,success definition recorded for the work,NR,Franka robot,PDF p.7 Figs. 5–6 and Table 6,A,source_reported,"Task-specific evaluation definitions and denominators limit cross-work comparison. Operator minutes, exact reset counts and independent repeats NR"
QE-EFF-0375,zhou2023realorl,human_input,reported_human_labor,more than 270,human-hours,full reported data and evaluation lifecycle,NR,real robot manipulation platform,PDF pp.1–2; p.10,A,source_reported_approximate,Combines several collection and evaluation activities; calendar duration and staffing profile are NR.
QE-EFF-0376,sun2022relmm,maintenance,battery_service_interval,about every 5,robot-hours per battery change,long-duration physical run,NR,mobile manipulator,PDF pp.5–6,A,source_reported_approximate,"Battery exchange is disclosed, but operator-minutes and other maintenance are NR."
QE-EFF-0377,hu2023reboot,reset_recovery,learned_reset_success,0.608; 0.667; 0.367,success fraction by task,reported reset-policy evaluations for three objects/tasks,NR,custom dexterous hand/camera system,PDF appendix E/F p.20,A,source_reported,"Imperfect resets imply residual rescue and downtime costs, which are not quantified."
QE-EFF-0378,hu2023reboot,human_input,reset_demonstrations,derived 220,reset demonstrations across objects,reset-policy setup,NR,custom dexterous hand/camera system,PDF appendix E/F p.20,A,derived,"This is setup data, not task demonstrations; collection time and failed demonstrations are NR."
QE-EFF-0379,hu2023reboot,labeling,goal_images,derived 1200,goal images,400 images for each of three tasks,NR,custom dexterous hand/camera system,PDF pp.7–8; appendix E/F p.20,A,derived,Image count is not equivalent to annotation or collection time.
QE-EFF-0380,walke2023ariel,reset_recovery,external_reset_cadence,every 20–30,trials per external reset,new-task physical interaction,NR,three real-robot manipulation domains,Main PDF pp.6–7; supplement p.14 Table 5,A,source_reported_approximate,"Reset duration, operator occupancy, and task-wise variation are NR."
QE-EFF-0381,sharma2023medalpp,reset_recovery,manual_reset_cadence,first 30 min manually; then approximately hourly,manual-reset schedule,10–30 h physical task run,NR,Franka robot,PDF p.7 Figs.5–6 and Table 6,A,source_reported_approximate,Exact reset count and operator-minutes are NR; therefore autonomous-run hours are not unattended human-free hours.
QE-EFF-0382,sun2022relmm,prior_data,startup_curriculum_steps,2000,steps,startup stationary curriculum,NR,mobile manipulator,PDF pp.5–6,A,source_reported,Curriculum/setup design is part of lifecycle cost and should not be conflated with task learning hours.
QE-EFF-0383,cully2015adaptanimals,prior_data,simulated_repertoire_scale,millions,simulated behaviors,predeployment behavior repertoire,NR,six-legged robot and robot arm,"PDF p.1; Methods pp.18,20",A,source_reported_approximate,The fast physical adaptation claim depends on a large precomputed repertoire; exact compute and energy are NR.
QE-EFF-0384,chebotar2023qtransformer,prior_data,offline_dataset_composition,38000 demonstrations plus 20000 autonomous failed episodes,episodes,58k-episode fleet dataset,NR,fleet of 13 real robots,PDF p.2; p.6,A,source_reported,"Fleet robot-hours, human curation time, and program calendar duration are NR."
QE-EFF-0385,kumar2023ptr,labeling,reward_classifier_trajectories,approximately 20 positive plus 20 negative,labeled trajectories,reward-classifier setup,NR,robot arms across kitchen and door setups,PDF pp.14–16 appendix,A,source_reported_approximate,Labeling/collection time and rejected examples are NR.
QE-EFF-0386,kumar2023ptr,reset_recovery,reset_policy_demonstrations,22,demonstrations,close-door reset policy,NR,robot arms across kitchen and door setups,PDF pp.14–16 appendix,A,source_reported,Reset demonstrations are additional to target demonstrations; reset failure/rescue time is NR.
QE-EFF-0387,zhan2022ferm,human_input,demonstration_collection_time,under 10,minutes,10 demonstrations per task including resets,NR,UFACTORY xArm with two cameras,PDF p.3,A,source_reported_approximate,"Only the initial demonstration collection is timed; online operator-minutes, failed attempts, and setup time are NR."
QE-EFF-0388,kalashnikov2018qtopt,parallelism,fleet_collection_scale,7 robots; 580000 attempts; approximately 800 robot-hours,robots; attempts; aggregate robot-hours,full physical grasp corpus,NR,seven KUKA robot arms,PDF pp.1–2; p.14,A,source_reported_approximate,"Fleet parallelism provides throughput, but program wall-clock, staffing, downtime, and maintenance are NR."
QE-EFF-0389,kalashnikov2022mtopt,parallelism,fleet_dataset_scale,6–7 robots; more than 800000 episodes; 16-month program,robots; episodes; calendar duration,multi-task fleet collection,NR,six to seven KUKA IIWA robots,PDF pp.16–17,A,source_reported_approximate,"The 16-month program and aggregate episodes do not disclose robot-hours, staffing, downtime, or accelerator count."
QE-EFF-0390,gupta2021resetfreemtl,reporting_consistency,pipe_run_duration_discrepancy,over 30 h in setup description; about 25 h in result paragraph,hours,pipe task long run,NR,16-DoF D'Hand on 6-DoF Sawyer arm,PDF pp.5–8 Secs.V-B and VI-C; Fig.12,A,mixed_or_ambiguous,Both source wordings are retained; a single precise duration must not be inferred.
QE-EFF-0391,luo2024serl,time,time_to_declared_target,20 min PCB; 31 min cable; 105 min paired relocation,source-specific elapsed/interation/aggregate robot time,source-declared convergence tied to final 100-trial task evaluation,see time_ontology.csv,Franka arm,"PDF p.8 Table 2; pp.4,8",A,source_reported_approximate,"Target-linked under the declared-target rule, not proof of a preregistered threshold. Scope: three task/policy scopes; relocation covers a forward/backward pair."
QE-EFF-0392,luo2025hilserl,time,time_to_declared_target,NR,NR,NR,NR,Franka arms and task fixtures,"PDF p.13 Table 1; pp.15,33–49",A,not_reported,"A duration, checkpoint, or program span may be reported elsewhere, but it is not directly linked to a declared target and identifiable stopping boundary. NR is not zero."
QE-EFF-0393,liu2026autoserl,time,time_to_declared_target,8; 8; 33; 25; 35; 45,source-specific elapsed/interation/aggregate robot time,minimum training time to 50/50 success under frozen no-intervention evaluation,see time_ontology.csv,robot manipulators; exact platforms in paper,PDF p.10 Table 1; p.12 Table 2; limitation section,B,source_reported,"Target-linked under the declared-target rule, not proof of a preregistered threshold. Scope: six task-specific minute values; never summed."
QE-EFF-0394,walke2023ariel,time,time_to_declared_target,NR,NR,NR,NR,three real-robot manipulation domains,Main PDF pp.6–7; supplement p.14 Table 5,A,not_reported,"A duration, checkpoint, or program span may be reported elsewhere, but it is not directly linked to a declared target and identifiable stopping boundary. NR is not zero."
QE-EFF-0395,sun2022relmm,time,time_to_declared_target,NR,NR,NR,NR,mobile manipulator,"PDF pp.1–2,5–6; Table 1",A,not_reported,"A duration, checkpoint, or program span may be reported elsewhere, but it is not directly linked to a declared target and identifiable stopping boundary. NR is not zero."
QE-EFF-0396,hu2023reboot,time,time_to_declared_target,6; 6; 5,source-specific elapsed/interation/aggregate robot time,"time to source-stated 80%, 60%, and 30% task success endpoints",see time_ontology.csv,custom dexterous hand/camera system,PDF pp.7–8; appendix E/F p.20,A,source_reported,"Target-linked under the declared-target rule, not proof of a preregistered threshold. Scope: three task-specific hour values; setup and prior replay excluded."
QE-EFF-0397,mendonca2025continuous,time,time_to_declared_target,NR,NR,NR,NR,Boston Dynamics Spot; second Spot on sweeping,"PDF pp.4,7–8,16",A,not_reported,"A duration, checkpoint, or program span may be reported elsewhere, but it is not directly linked to a declared target and identifiable stopping boundary. NR is not zero."
QE-EFF-0398,stachowicz2023fastrlap,time,time_to_declared_target,typically <20 min; two courses approach human performance after 30 min,source-specific elapsed/interation/aggregate robot time,source-declared near-expert or human-level lap performance,see time_ontology.csv,small autonomous ground vehicle,"PDF pp.2–7,10; p.14 Table 4",A,source_reported_approximate,"Target-linked under the declared-target rule, not proof of a preregistered threshold. Scope: headline and plotted endpoints differ; course-specific partial scope."
QE-EFF-0399,hu2025robottrainsrobot,time,time_to_declared_target,20 min walking,source-specific elapsed/interation/aggregate robot time,source-declared successful real-world walking adaptation,see time_ontology.csv,"ToddlerBot plus UR5 teacher, ATI Mini45 and optional treadmill","PDF pp.2,6",A,source_reported_approximate,"Target-linked under the declared-target rule, not proof of a preregistered threshold. Scope: walking only; the 15 min swing-up headline has an unresolved multi-stage boundary."
QE-EFF-0400,sharma2026worldgymnast,time,time_to_declared_target,NR,NR,NR,NR,AutoEval robot setup,"PDF pp.4–7,15–16; appendix A.4 Table 5",B,not_reported,"A duration, checkpoint, or program span may be reported elsewhere, but it is not directly linked to a declared target and identifiable stopping boundary. NR is not zero."
QE-EFF-0401,zhao2025silri,time,time_to_declared_target,NR,NR,NR,NR,UR5 and Franka in arXiv v1,"PDF pp.5,7,9–10,13 Table II",B,not_reported,"A duration, checkpoint, or program span may be reported elsewhere, but it is not directly linked to a declared target and identifiable stopping boundary. NR is not zero."
QE-EFF-0402,yin2026playworld,time,time_to_declared_target,NR,NR,NR,NR,DROID hardware setup,"PDF pp.2,4–7,10,23",B,not_reported,"A duration, checkpoint, or program span may be reported elsewhere, but it is not directly linked to a declared target and identifiable stopping boundary. NR is not zero."
QE-EFF-0403,haarnoja2019walk,time,time_to_declared_target,approximately 2 h,source-specific elapsed/interation/aggregate robot time,stable forward locomotion plus reported robustness evaluations,see time_ontology.csv,Ghost Robotics Minitaur,PDF p.1 abstract; p.7 Sec. V-A; p.8 Sec. VI,A,source_reported_approximate,"Target-linked under the declared-target rule, not proof of a preregistered threshold. Scope: single physical learning run; target is qualitative rather than preregistered."
QE-EFF-0404,zhan2022ferm,time,time_to_declared_target,15–50 min,source-specific elapsed/interation/aggregate robot time,source-described optimal task policy / successful completion,see time_ontology.csv,UFACTORY xArm with two cameras,PDF p.3 Sec. III; p.4 Sec. IV and Fig. 4,A,source_reported_approximate,"Target-linked under the declared-target rule, not proof of a preregistered threshold. Scope: task-specific range; no study-wide total."
QE-EFF-0405,tebbe2021tabletennis,time,time_to_declared_target,NR,NR,NR,NR,KUKA Agilus KR 6 R900 sixx,PDF p.5 Sec. IV; p.6 Sec. V,A,not_reported,"A duration, checkpoint, or program span may be reported elsewhere, but it is not directly linked to a declared target and identifiable stopping boundary. NR is not zero."
QE-EFF-0406,wu2023daydreamer,time,time_to_declared_target,1 h walking; 10 min push adaptation,source-specific elapsed/interation/aggregate robot time,source-declared walking and push-adaptation task endpoints,see time_ontology.csv,Unitree A1; UR5; xArm; Sphero Ollie,PDF p.5 Sec. 4.1; pp.6–8 Secs. 4.2–4.4; p.13 appendix figure,A,source_reported_approximate,"Target-linked under the declared-target rule, not proof of a preregistered threshold. Scope: A1 locomotion only; UR5/xArm/Sphero run durations are not target-linked."
QE-EFF-0407,kalashnikov2018qtopt,time,time_to_declared_target,approximately 440 robot-h to 78%; approximately 800 robot-h to 96%,source-specific elapsed/interation/aggregate robot time,grasp-success checkpoints on unseen objects,see time_ontology.csv,seven KUKA robot arms,PDF p.1 abstract; p.2 Sec. 1; p.14 Sec. 5.3; p.21 appendix,A,source_reported,"Target-linked under the declared-target rule, not proof of a preregistered threshold. Scope: aggregate robot-hours, not elapsed wall-clock; two checkpoints."
QE-EFF-0408,kalashnikov2022mtopt,time,time_to_declared_target,NR,NR,NR,NR,six to seven KUKA IIWA robots,"PDF p.1 abstract; pp.15–17 appendix, Table IV",A,not_reported,"A duration, checkpoint, or program span may be reported elsewhere, but it is not directly linked to a declared target and identifiable stopping boundary. NR is not zero."
QE-EFF-0409,riedmiller2018sacx,time,time_to_declared_target,approximately 10 h,source-specific elapsed/interation/aggregate robot time,"approximately 100% lift success at about 1,200 episodes",see time_ontology.csv,Kinova Jaco arm,PDF p.8 Sec. 5.4 and physical-robot figure,A,source_reported_approximate,"Target-linked under the declared-target rule, not proof of a preregistered threshold. Scope: single hardware curve; first-passage checkpoint uncertainty remains."
QE-EFF-0410,nair2020awac,time,time_to_declared_target,NR,NR,NR,NR,D'Claw; Sawyer; dexterous hand,PDF p.8 Sec. 6.3; p.17 appendix robot-experiment details,B,not_reported,"A duration, checkpoint, or program span may be reported elsewhere, but it is not directly linked to a declared target and identifiable stopping boundary. NR is not zero."
QE-EFF-0411,singh2021cog,time,time_to_declared_target,NR,NR,NR,NR,WidowX robot,PDF p.8 Sec. 5.2 and real-robot table,A,not_reported,"A duration, checkpoint, or program span may be reported elsewhere, but it is not directly linked to a declared target and identifiable stopping boundary. NR is not zero."
QE-EFF-0412,kumar2023ptr,time,time_to_declared_target,NR,NR,NR,NR,robot arms across kitchen and door setups,PDF pp.7–9 Sec. 5; pp.14–16 appendix; p.21 appendix,A,not_reported,"A duration, checkpoint, or program span may be reported elsewhere, but it is not directly linked to a declared target and identifiable stopping boundary. NR is not zero."
QE-EFF-0413,chebotar2023qtransformer,time,time_to_declared_target,NR,NR,NR,NR,fleet of 13 real robots,PDF p.2 Sec. 1; p.6 Sec. 4 and evaluation table; p.8 compute paragraph,A,not_reported,"A duration, checkpoint, or program span may be reported elsewhere, but it is not directly linked to a declared target and identifiable stopping boundary. NR is not zero."
QE-EFF-0414,nair2018rig,time,time_to_declared_target,NR,NR,NR,NR,Sawyer robot,PDF pp.8–9 Sec. 5.3,A,not_reported,"A duration, checkpoint, or program span may be reported elsewhere, but it is not directly linked to a declared target and identifiable stopping boundary. NR is not zero."
QE-EFF-0415,gupta2021resetfreemtl,time,time_to_declared_target,NR,NR,NR,NR,16-DoF D'Hand on 6-DoF Sawyer arm,"PDF p.1 abstract; pp.5–8 Secs. V-B and VI-C, Fig. 12",A,not_reported,"A duration, checkpoint, or program span may be reported elsewhere, but it is not directly linked to a declared target and identifiable stopping boundary. NR is not zero."
QE-EFF-0416,yang2020dataefficientlegged,time,time_to_declared_target,4.5 min physical interaction,source-specific elapsed/interation/aggregate robot time,source-declared stable physical locomotion controller,see time_ontology.csv,Ghost Robotics Minitaur,PDF p.2 contribution summary; p.8 conclusion,A,source_reported_approximate,"Target-linked under the declared-target rule, not proof of a preregistered threshold. Scope: interaction time only; about 10 min including setup is a separate boundary."
QE-EFF-0417,nagabandi2019metarl,time,time_to_declared_target,NR,NR,NR,NR,six-legged millirobot,PDF p.9 Sec. 5.4,A,not_reported,"A duration, checkpoint, or program span may be reported elsewhere, but it is not directly linked to a declared target and identifiable stopping boundary. NR is not zero."
QE-EFF-0418,cully2015adaptanimals,time,time_to_declared_target,<2 min adaptation,source-specific elapsed/interation/aggregate robot time,post-damage performance recovery within bounded controller tests,see time_ontology.csv,six-legged robot and robot arm,PDF p.1 abstract; Methods pp.18 and 20,A,source_reported_approximate,"Target-linked under the declared-target rule, not proof of a preregistered threshold. Scope: adaptation, not from-scratch learning; simulated repertoire cost excluded."
QE-EFF-0419,chatzilygeroudis2017blackdrops,time,time_to_declared_target,NR,NR,NR,NR,low-cost Dynamixel manipulator,Correct PDF p.7 real-robot experiment; p.8 computational-cost discussion,A,not_reported,"A duration, checkpoint, or program span may be reported elsewhere, but it is not directly linked to a declared target and identifiable stopping boundary. NR is not zero."
QE-EFF-0420,johannink2019residual,time,time_to_declared_target,NR,NR,NR,NR,Sawyer robot,PDF pp.5–6 Sec. IV and physical result figures,A,not_reported,"A duration, checkpoint, or program span may be reported elsewhere, but it is not directly linked to a declared target and identifiable stopping boundary. NR is not zero."
QE-EFF-0421,zhou2023realorl,time,time_to_declared_target,NR,NR,NR,NR,real robot manipulation platform,PDF pp.1–2 abstract/introduction; p.5 dataset table; p.10 appendix summary; p.16 compute appendix,A,not_reported,"A duration, checkpoint, or program span may be reported elsewhere, but it is not directly linked to a declared target and identifiable stopping boundary. NR is not zero."
QE-EFF-0422,wurss2023locality,time,time_to_declared_target,approximately 20 min elapsed; approximately 17 min interaction,source-specific elapsed/interation/aggregate robot time,stable walking and task reward across reported terrains,see time_ontology.csv,Unitree Go1,PDF p.1 abstract; p.2 Table I; p.3 system; pp.5–6 Secs. IV–V,A,source_reported_approximate,"Target-linked under the declared-target rule, not proof of a preregistered threshold. Scope: elapsed and interaction clocks overlap and must not be summed."
QE-EFF-0423,lancaster2024modemv2,time,time_to_declared_target,approximately 70 min,source-specific elapsed/interation/aggregate robot time,about 40% success on in-hand reorientation,see time_ontology.csv,Franka robot,PDF pp.5–6 Sec. IV and time figure; pp.9–10 appendix,A,source_reported_approximate,"Target-linked under the declared-target rule, not proof of a preregistered threshold. Scope: in-hand reorientation only; other task durations are run/collection spans."
QE-EFF-0424,sharma2023medalpp,time,time_to_declared_target,NR,NR,NR,NR,Franka robot,PDF p.7 Figs. 5–6 and Table 6,A,not_reported,"A duration, checkpoint, or program span may be reported elsewhere, but it is not directly linked to a declared target and identifiable stopping boundary. NR is not zero."
